osha_establishment_id,cms_ccn,tier,name_score,addr_score,hno_match,zip_match
1339006,015010,A,1.0,1.0,True,True
1524477,015014,A,1.0,1.0,True,True
1036324,015015,A,1.0,1.0,True,True
1213669,015016,A,1.0,1.0,True,True
1492765,015019,A,1.0,1.0,True,True
1100891,015024,A,1.0,1.0,True,True
1213743,015027,A,1.0,1.0,True,True
1474233,015028,A,1.0,1.0,True,True
139471,015031,A,1.0,1.0,True,False
75289,015032,A,1.0,1.0,True,True
75316,015040,A,1.0,1.0,True,True
1213735,015042,A,1.0,1.0,True,True
1213715,015047,A,1.0,1.0,True,True
1100335,015048,A,1.0,1.0,True,True
1128652,015049,A,1.0,1.0,True,True
75280,015063,A,1.0,1.0,True,True
1213726,015065,A,1.0,1.0,True,True
743715,015076,A,1.0,1.0,True,True
329710,015084,A,1.0,1.0,True,True
1459045,015089,A,1.0,1.0,True,True
1523092,015091,A,1.0,1.0,True,True
1213731,015097,A,1.0,1.0,True,True
1128127,015098,A,1.0,1.0,True,True
1344823,015100,A,1.0,1.0,True,True
1213661,015103,A,1.0,1.0,True,True
1417856,015104,A,1.0,1.0,True,True
1213671,015109,A,1.0,1.0,True,True
326624,015111,A,1.0,1.0,True,True
1534049,015114,A,1.0,1.0,True,False
1213673,015115,A,1.0,1.0,True,True
1417700,015116,A,1.0,1.0,True,True
1069881,015120,A,1.0,1.0,True,True
1458809,015121,A,1.0,1.0,True,True
1437060,015126,A,1.0,1.0,True,True
1494861,015127,A,1.0,0.903,True,True
1254402,015128,A,1.0,1.0,True,True
1458808,015129,A,1.0,1.0,True,True
75328,015132,A,1.0,1.0,True,True
1523159,015134,A,1.0,1.0,True,True
661215,015135,A,1.0,1.0,True,True
1493201,015136,A,1.0,1.0,True,True
1213698,015138,A,1.0,1.0,True,True
1213736,015139,A,1.0,1.0,True,True
725508,015141,A,1.0,1.0,True,True
1213709,015142,A,1.0,1.0,True,True
1294413,015144,A,1.0,1.0,True,True
1468451,015147,A,1.0,1.0,True,True
1289508,015152,A,1.0,1.0,True,False
1147011,015155,A,1.0,1.0,True,True
1459040,015156,A,0.938,1.0,True,True
1503074,015157,A,1.0,1.0,True,True
1115472,015158,A,1.0,1.0,True,True
75321,015159,A,1.0,1.0,True,True
915418,015162,A,1.0,1.0,True,True
191486,015163,A,1.0,1.0,True,False
542692,015168,A,1.0,1.0,True,True
1460923,015169,A,1.0,1.0,True,True
1468073,015174,A,1.0,1.0,True,True
213259,015177,A,1.0,1.0,True,True
1379411,015180,A,1.0,1.0,True,True
1213687,015182,A,1.0,0.933,True,True
1514853,015183,A,1.0,1.0,True,True
1213688,015186,A,1.0,1.0,True,True
1344502,015188,A,1.0,1.0,True,True
75333,015189,A,1.0,1.0,True,True
1180714,015191,A,1.0,1.0,True,True
957959,015192,A,1.0,1.0,True,True
736054,015193,A,1.0,1.0,True,True
143686,015194,A,1.0,1.0,True,True
75311,015196,A,1.0,1.0,True,True
1339186,015197,A,1.0,0.909,True,True
1530937,015199,A,1.0,1.0,True,True
1431295,015200,A,1.0,1.0,True,True
878054,015202,A,1.0,1.0,True,False
1339185,015204,A,1.0,1.0,True,True
1417990,015206,A,1.0,1.0,True,False
171563,015207,A,1.0,1.0,True,True
1213720,015208,A,1.0,1.0,True,True
75271,015209,A,1.0,1.0,True,False
1213718,015210,A,1.0,1.0,True,True
1434651,015212,A,1.0,1.0,True,True
234432,015214,A,1.0,1.0,True,True
901595,015216,A,1.0,1.0,True,True
1440259,015217,A,1.0,1.0,True,True
1459721,015220,A,1.0,1.0,True,True
1338957,015221,A,1.0,1.0,True,True
1128715,015222,A,1.0,0.929,True,True
1080807,015223,A,1.0,1.0,True,True
805823,015225,A,1.0,1.0,True,True
1213729,015321,A,1.0,1.0,True,True
1459044,015322,A,1.0,1.0,True,True
1213723,015326,A,1.0,1.0,True,True
734073,015371,A,1.0,1.0,True,True
1115385,015376,A,1.0,1.0,True,True
1470822,015378,A,1.0,1.0,True,True
1417752,015382,A,1.0,1.0,True,True
1443565,015383,A,1.0,1.0,True,False
1128447,015388,A,1.0,1.0,True,True
1508888,015390,A,1.0,1.0,True,True
1213702,015391,A,1.0,0.97,True,True
1459041,015393,A,1.0,1.0,True,True
1115452,015396,A,1.0,1.0,True,True
1115211,015397,A,1.0,1.0,True,True
1416999,015398,A,1.0,1.0,True,True
1147081,015402,A,1.0,0.976,True,True
1213721,015403,A,1.0,1.0,True,True
1115518,015404,A,0.6,1.0,True,True
915432,015408,A,1.0,1.0,True,True
932352,015411,A,1.0,1.0,True,True
698265,015416,A,1.0,1.0,True,True
1459042,015417,A,1.0,1.0,True,True
1115501,015419,A,1.0,1.0,True,True
1344482,015426,A,1.0,1.0,True,True
909448,015429,A,1.0,1.0,True,True
1213737,015431,A,1.0,1.0,True,True
1115394,015433,A,1.0,1.0,True,True
1184275,015437,A,1.0,0.909,True,True
1213701,015440,A,1.0,1.0,True,True
1022611,015448,A,1.0,1.0,True,True
1213686,015451,A,1.0,1.0,True,True
934915,015452,A,1.0,1.0,True,True
1213672,015453,A,1.0,1.0,True,True
1213690,015456,A,1.0,1.0,True,True
1524476,015458,A,1.0,0.923,True,True
1447744,015460,A,1.0,1.0,True,True
1213708,015461,A,1.0,1.0,True,True
1213663,015464,A,1.0,1.0,True,True
1213666,015465,A,1.0,1.0,True,True
1468845,015467,A,1.0,1.0,True,True
1213662,015468,A,1.0,1.0,True,True
192089,01A208,A,1.0,1.0,True,True
1524409,025018,A,1.0,1.0,True,True
1527390,025036,A,1.0,1.0,True,True
910389,025038,A,1.0,0.889,True,True
910391,025039,A,1.0,0.958,True,True
1524436,035004,A,1.0,1.0,True,True
1524259,035014,A,1.0,1.0,True,True
1524413,035068,A,1.0,1.0,True,True
1524228,035070,A,1.0,1.0,True,True
1524357,035071,A,1.0,1.0,True,True
1524399,035072,A,1.0,1.0,True,True
1524376,035076,A,1.0,1.0,True,True
1524290,035083,A,1.0,1.0,True,True
1182529,035084,A,1.0,1.0,True,True
1524223,035088,A,1.0,1.0,True,True
1524212,035092,A,1.0,0.938,True,True
182007,035097,A,1.0,1.0,True,True
899940,035099,A,1.0,1.0,True,True
1524233,035101,A,1.0,1.0,True,True
1524238,035103,A,1.0,1.0,True,True
1524441,035105,A,1.0,1.0,True,True
1524471,035106,A,1.0,1.0,True,True
1524468,035110,A,1.0,1.0,True,True
1524312,035111,A,1.0,1.0,True,True
1511263,035112,A,1.0,1.0,True,True
976854,035120,A,1.0,1.0,True,True
1410160,035121,A,0.667,1.0,True,True
1361791,035126,A,1.0,1.0,True,True
1524283,035131,A,1.0,1.0,True,True
1524249,035132,A,1.0,1.0,True,True
1049891,035133,A,1.0,1.0,True,True
1524360,035135,A,1.0,1.0,True,True
1321538,035140,A,1.0,1.0,True,True
626419,035141,A,1.0,1.0,True,True
1524398,035144,A,1.0,1.0,True,True
1524503,035147,A,1.0,1.0,True,True
1524433,035151,A,1.0,1.0,True,True
1446424,035152,A,1.0,1.0,True,True
1524298,035159,A,1.0,1.0,True,True
1524257,035164,A,1.0,1.0,True,True
1524267,035166,A,1.0,0.857,True,True
1524198,035171,A,1.0,1.0,True,True
1524387,035174,A,0.842,1.0,True,True
1524420,035183,A,1.0,1.0,True,True
1524310,035189,A,1.0,1.0,True,True
1524229,035190,A,1.0,1.0,True,True
1524239,035193,A,1.0,1.0,True,True
1524455,035207,A,1.0,1.0,True,True
1520847,035225,A,1.0,1.0,True,True
1524361,035232,A,1.0,1.0,True,True
1524452,035241,A,1.0,1.0,True,False
1524469,035245,A,1.0,1.0,True,True
1148764,035247,A,1.0,1.0,True,True
182235,035249,A,0.933,1.0,True,True
1524422,035251,A,1.0,1.0,True,True
1557910,035255,A,1.0,1.0,True,True
628380,035257,A,1.0,1.0,True,True
1524274,035260,A,1.0,1.0,True,True
181995,035262,A,1.0,1.0,True,True
1512064,035266,A,1.0,1.0,True,True
1509654,035268,A,0.973,1.0,True,True
1508544,035270,A,1.0,1.0,True,True
1435899,035275,A,1.0,1.0,True,True
1524510,035285,A,1.0,1.0,True,True
1185255,035289,A,1.0,0.923,True,True
1026868,035291,A,1.0,1.0,True,True
910156,035292,A,1.0,1.0,True,True
1490179,035295,A,1.0,1.0,True,True
1459017,035296,A,1.0,1.0,True,True
1524470,035297,A,1.0,1.0,True,True
1410144,035299,A,0.64,1.0,True,True
1435447,045098,A,1.0,1.0,True,True
1437221,045146,A,1.0,1.0,True,True
1213733,045167,A,1.0,0.909,True,True
61438,045173,A,1.0,1.0,True,True
61440,045196,A,1.0,1.0,True,True
61411,045201,A,1.0,0.897,True,True
61442,045209,A,0.857,1.0,True,True
856570,045212,A,1.0,1.0,True,True
61417,045218,A,1.0,1.0,True,True
1213685,045220,A,1.0,0.952,True,True
61407,045241,A,1.0,1.0,True,True
1436113,045242,A,1.0,1.0,True,True
61437,045248,A,1.0,1.0,True,True
1434103,045254,A,1.0,1.0,True,True
807166,045259,A,1.0,1.0,True,True
1213707,045267,A,1.0,0.88,True,True
134409,045268,A,1.0,1.0,True,True
1266710,045269,A,1.0,1.0,True,True
440391,045271,A,1.0,1.0,True,True
61444,045280,A,1.0,0.923,True,True
1081168,045295,A,1.0,1.0,True,True
1213722,045300,A,1.0,0.87,True,True
291097,045303,A,1.0,1.0,True,True
61405,045304,A,1.0,1.0,True,True
61418,045308,A,1.0,1.0,True,True
1089316,045313,A,1.0,1.0,True,True
556116,045315,A,1.0,1.0,True,True
1065122,045317,A,1.0,1.0,True,True
1038618,045318,A,1.0,1.0,True,True
61433,045322,A,1.0,1.0,True,True
1310080,045323,A,1.0,1.0,True,True
1261930,045326,A,1.0,1.0,True,True
61435,045327,A,1.0,1.0,True,True
942896,045334,A,1.0,1.0,True,True
65134,045337,A,1.0,1.0,True,True
997104,045338,A,1.0,1.0,True,True
136392,045339,A,1.0,1.0,True,True
651302,045340,A,1.0,1.0,True,True
1432306,045342,A,1.0,1.0,True,True
1473204,045343,A,1.0,0.944,True,True
1434265,045345,A,1.0,1.0,True,True
1431321,045346,A,1.0,1.0,True,True
61412,045352,A,1.0,1.0,True,True
806119,045359,A,1.0,1.0,True,True
941031,045361,A,1.0,1.0,True,True
1213674,045363,A,1.0,1.0,True,True
1031596,045364,A,1.0,1.0,True,True
556033,045366,A,1.0,0.968,True,False
61446,045367,A,1.0,1.0,True,True
61428,045369,A,1.0,1.0,True,True
61447,045371,A,1.0,1.0,True,True
1347960,045372,A,1.0,1.0,True,True
61441,045380,A,1.0,1.0,True,True
141505,045384,A,0.889,0.97,True,True
858583,045385,A,1.0,1.0,True,True
61439,045392,A,1.0,1.0,True,True
989280,045393,A,1.0,1.0,True,True
61436,045394,A,1.0,1.0,True,True
61430,045398,A,1.0,1.0,True,True
61427,045407,A,1.0,0.98,True,True
61406,045408,A,1.0,1.0,True,True
133112,045409,A,1.0,1.0,True,True
267157,045410,A,1.0,1.0,True,True
987304,045412,A,1.0,1.0,True,True
903510,045413,A,1.0,1.0,True,True
156358,045414,A,1.0,1.0,True,True
1288521,045418,A,1.0,1.0,True,True
921182,045419,A,1.0,1.0,True,True
61425,045422,A,1.0,1.0,True,True
599792,045427,A,1.0,1.0,True,True
561216,045428,A,1.0,1.0,True,True
61410,045433,A,1.0,0.875,True,True
61422,045434,A,1.0,1.0,True,True
1451212,045435,A,1.0,0.938,True,True
555984,045439,A,1.0,1.0,True,True
556019,045440,A,1.0,1.0,True,True
894758,045441,A,1.0,1.0,True,True
1468757,045442,A,1.0,1.0,True,True
1114693,045443,A,1.0,1.0,True,True
919249,045445,A,1.0,1.0,True,True
1337258,045446,A,1.0,1.0,True,True
858730,045450,A,1.0,1.0,True,True
1425220,045452,A,1.0,1.0,True,True
918100,045453,A,1.0,1.0,True,True
61413,045457,A,1.0,1.0,True,True
1433987,045458,A,1.0,1.0,True,True
1427586,045463,A,1.0,1.0,True,True
284712,045464,A,1.0,1.0,True,True
925241,045465,A,1.0,1.0,True,True
952362,045467,A,1.0,1.0,True,True
1338938,045470,A,1.0,1.0,True,True
561258,045471,A,1.0,1.0,True,True
1200203,045476,A,1.0,1.0,True,True
165085,045477,A,1.0,1.0,True,True
675214,045480,A,1.0,1.0,True,True
854432,045481,A,1.0,1.0,True,True
1508564,055001,A,1.0,1.0,True,True
406907,055013,A,1.0,0.941,True,True
1524268,055014,A,1.0,1.0,True,True
682843,055022,A,0.917,1.0,True,True
1069931,055045,A,1.0,1.0,True,True
453957,055052,A,1.0,0.974,True,True
1535485,055064,A,1.0,0.941,True,True
1524384,055067,A,1.0,1.0,True,True
1214122,055079,A,1.0,1.0,True,True
1514249,055092,A,1.0,1.0,True,True
695501,055093,A,1.0,1.0,True,True
1433160,055099,A,1.0,1.0,True,True
1254398,055109,A,1.0,1.0,True,True
1524282,055129,A,1.0,1.0,True,True
405074,055135,A,1.0,1.0,True,True
1524337,055141,A,1.0,1.0,True,True
496054,055142,A,1.0,0.867,True,True
1503000,055150,A,1.0,1.0,True,True
987925,055153,A,1.0,1.0,True,True
683163,055157,A,1.0,1.0,True,True
563441,055170,A,1.0,1.0,True,True
1524333,055182,A,1.0,1.0,True,True
1524276,055187,A,1.0,1.0,True,True
1399547,055192,A,0.93,1.0,True,True
1468423,055212,A,1.0,1.0,True,True
1068848,055213,A,1.0,1.0,True,True
1117766,055222,A,1.0,1.0,True,True
1524501,055237,A,1.0,1.0,True,True
803496,055240,A,1.0,1.0,True,True
1524269,055242,A,1.0,1.0,True,True
1535809,055255,A,1.0,1.0,True,True
1449428,055259,A,0.64,0.947,True,True
1524335,055262,A,1.0,1.0,True,True
1538356,055268,A,1.0,1.0,True,True
1522624,055276,A,1.0,1.0,True,True
1508330,055280,A,1.0,1.0,True,True
461742,055288,A,1.0,1.0,True,True
968943,055296,A,1.0,1.0,True,True
1507662,055299,A,1.0,1.0,True,True
1198049,055305,A,1.0,1.0,True,True
1051867,055307,A,1.0,1.0,True,False
1118880,055311,A,1.0,1.0,True,True
1465649,055315,A,1.0,1.0,True,True
1224699,055316,A,1.0,1.0,True,True
1098328,055318,A,1.0,1.0,True,True
1534533,055335,A,1.0,1.0,True,True
1290099,055341,A,0.6,1.0,True,True
1524443,055353,A,1.0,0.903,True,True
676277,055356,A,1.0,1.0,True,True
1400636,055364,A,1.0,1.0,True,True
1514863,055372,A,0.952,1.0,True,True
1524496,055374,A,1.0,1.0,True,True
1524241,055394,A,1.0,1.0,True,False
1198043,055417,A,1.0,1.0,True,True
943786,055430,A,1.0,1.0,True,True
1558102,055457,A,1.0,1.0,True,False
346787,055475,A,1.0,1.0,True,True
1295056,055480,A,1.0,1.0,True,True
1198005,055491,A,1.0,1.0,True,True
1501756,055497,A,1.0,1.0,True,True
1524205,055505,A,1.0,1.0,True,True
1103639,055517,A,1.0,1.0,True,True
1134749,055519,A,1.0,0.952,True,True
1316487,055525,A,1.0,1.0,True,True
495933,055526,A,1.0,1.0,True,True
1329759,055531,A,1.0,1.0,True,True
405658,055539,A,1.0,1.0,True,True
815682,055540,A,1.0,1.0,True,True
1452875,055541,A,1.0,1.0,True,True
1502809,055551,A,1.0,0.88,True,True
1383344,055557,A,1.0,1.0,True,True
1502821,055568,A,1.0,0.857,True,True
1134837,055570,A,1.0,1.0,True,True
1524771,055573,A,1.0,1.0,True,True
1524380,055575,A,1.0,1.0,True,True
1501814,055581,A,1.0,1.0,True,True
1500684,055604,A,1.0,1.0,True,True
1229259,055608,A,1.0,1.0,True,True
1455137,055626,A,1.0,1.0,True,True
1054277,055632,A,1.0,1.0,True,True
1467729,055645,A,1.0,1.0,True,True
1456001,055646,A,1.0,1.0,True,False
1493008,055649,A,1.0,1.0,True,True
1236749,055670,A,1.0,1.0,True,True
1134834,055689,A,1.0,1.0,True,True
1524374,055706,A,1.0,0.878,True,True
1014453,055708,A,1.0,1.0,True,True
1015410,055734,A,1.0,1.0,True,True
1524207,055744,A,1.0,1.0,True,True
982549,055748,A,1.0,1.0,True,True
1540134,055750,A,1.0,1.0,True,True
923917,055753,A,0.872,0.952,True,True
1524243,055756,A,1.0,1.0,True,True
1503402,055776,A,1.0,0.9,True,False
1467996,055797,A,1.0,1.0,True,True
1522583,055798,A,1.0,1.0,True,True
1183859,055800,A,1.0,1.0,True,True
1502684,055806,A,1.0,1.0,True,True
1068844,055818,A,1.0,1.0,True,True
1524504,055830,A,1.0,0.944,True,True
739124,055833,A,1.0,1.0,True,True
1269425,055839,A,1.0,1.0,True,True
1441643,055850,A,0.947,1.0,True,True
1514470,055853,A,1.0,1.0,True,True
1516917,055854,A,1.0,1.0,True,True
1508546,055855,A,1.0,1.0,True,True
1339197,055862,A,1.0,1.0,True,True
1080002,055884,A,1.0,1.0,True,True
1509877,055885,A,1.0,1.0,True,True
1503673,055886,A,1.0,1.0,True,True
453960,055887,A,1.0,1.0,True,True
1524338,055890,A,1.0,1.0,True,True
1134633,055894,A,1.0,1.0,True,True
1068845,055899,A,1.0,1.0,True,True
1524250,055922,A,1.0,1.0,True,True
346807,055935,A,1.0,0.909,True,True
912667,055955,A,0.8,0.927,True,True
968936,055956,A,1.0,1.0,True,True
1498442,055959,A,1.0,1.0,True,True
1434691,055960,A,0.957,1.0,True,True
1290604,055962,A,1.0,1.0,True,True
1296826,055963,A,1.0,1.0,True,True
1229302,055977,A,1.0,1.0,True,True
1448307,055979,A,1.0,1.0,True,True
1524216,055987,A,1.0,1.0,True,True
1185361,055988,A,1.0,0.941,True,False
1524218,056014,A,1.0,1.0,True,True
1502602,056021,A,1.0,1.0,True,True
1504178,056024,A,1.0,1.0,True,True
1467595,056037,A,1.0,1.0,True,True
1506501,056039,A,1.0,1.0,True,True
1147065,056040,A,1.0,1.0,True,True
440215,056043,A,1.0,1.0,True,True
1467621,056048,A,1.0,1.0,True,True
1184433,056052,A,1.0,1.0,True,True
802936,056053,A,1.0,1.0,True,True
1502771,056065,A,1.0,1.0,True,True
971218,056066,A,1.0,1.0,True,True
1308955,056069,A,1.0,1.0,True,True
923285,056072,A,1.0,1.0,True,True
1503009,056073,A,1.0,1.0,True,True
998856,056076,A,1.0,1.0,True,False
1300454,056084,A,1.0,1.0,True,True
1305934,056095,A,1.0,1.0,True,True
1192744,056098,A,1.0,1.0,True,True
1470916,056103,A,1.0,1.0,True,True
1524430,056104,A,1.0,1.0,True,True
872031,056113,A,1.0,0.95,True,True
1310252,056115,A,1.0,1.0,True,True
1470614,056116,A,1.0,1.0,True,True
1467848,056120,A,1.0,1.0,True,True
1492688,056121,A,1.0,1.0,True,True
1504859,056122,A,1.0,1.0,True,True
406949,056129,A,1.0,1.0,True,True
1492766,056139,A,1.0,1.0,True,True
1524300,056144,A,1.0,1.0,True,True
1503643,056153,A,1.0,1.0,True,True
1198030,056158,A,1.0,1.0,True,True
639167,056159,A,1.0,1.0,True,True
1187424,056164,A,1.0,1.0,True,True
1492742,056166,A,1.0,1.0,True,True
1524197,056169,A,1.0,1.0,True,True
561816,056174,A,1.0,0.95,True,True
1537071,056176,A,1.0,1.0,True,True
1455651,056178,A,1.0,1.0,True,True
1524311,056180,A,1.0,1.0,True,True
983706,056182,A,1.0,1.0,True,True
1214134,056189,A,1.0,1.0,True,True
1148930,056192,A,1.0,1.0,True,True
1303729,056203,A,1.0,1.0,True,True
1524381,056205,A,1.0,1.0,True,True
1524379,056207,A,1.0,1.0,True,True
1494158,056212,A,1.0,1.0,True,True
1475871,056214,A,1.0,1.0,True,True
951802,056215,A,1.0,1.0,True,True
1244124,056216,A,1.0,1.0,True,True
1258230,056222,A,1.0,1.0,True,True
492240,056229,A,1.0,1.0,True,True
681377,056237,A,1.0,1.0,True,True
1499217,056238,A,1.0,1.0,True,True
1521830,056243,A,1.0,1.0,True,True
909662,056253,A,1.0,1.0,True,True
346870,056259,A,1.0,1.0,True,True
1134648,056267,A,1.0,1.0,True,True
1027644,056271,A,1.0,1.0,True,True
405820,056291,A,1.0,1.0,True,True
1502590,056294,A,0.815,0.903,True,True
1312105,056298,A,1.0,1.0,True,True
1455138,056300,A,1.0,1.0,True,True
1460726,056308,A,1.0,1.0,True,True
1529958,056317,A,1.0,0.974,True,True
860589,056321,A,1.0,1.0,True,True
1524411,056328,A,1.0,1.0,True,True
1228811,056334,A,1.0,1.0,True,True
1524385,056337,A,1.0,1.0,True,True
1524236,056351,A,1.0,0.889,True,True
1524202,056360,A,1.0,1.0,True,True
1455158,056361,A,1.0,1.0,True,True
1524467,056364,A,1.0,1.0,True,True
1384289,056365,A,1.0,1.0,True,True
1524219,056372,A,1.0,1.0,True,True
1502650,056378,A,1.0,1.0,True,True
1446685,056389,A,1.0,1.0,True,True
972693,056399,A,1.0,1.0,True,True
1524356,056401,A,1.0,1.0,True,True
740694,056405,A,1.0,1.0,True,True
1511446,056410,A,1.0,0.968,True,True
1524391,056411,A,1.0,1.0,True,True
1437298,056422,A,1.0,1.0,True,True
350250,056430,A,1.0,1.0,True,True
1317506,056435,A,1.0,1.0,True,True
808192,056447,A,1.0,1.0,True,True
1516019,056451,A,1.0,1.0,True,True
1449536,056456,A,0.609,1.0,True,True
969463,056457,A,1.0,1.0,True,True
1470364,056471,A,1.0,1.0,True,True
439706,056475,A,1.0,1.0,True,True
1514728,056485,A,1.0,1.0,True,True
1449427,056489,A,0.744,1.0,True,True
676254,056495,A,1.0,1.0,True,True
1399546,056499,A,1.0,1.0,True,True
1452276,05A027,A,1.0,0.944,True,True
1257444,05A134,A,1.0,1.0,True,True
951970,05A137,A,1.0,1.0,True,True
952613,05A208,A,0.852,1.0,True,True
1206862,05A264,A,1.0,1.0,True,True
1466648,05A269,A,1.0,1.0,True,True
803426,05A277,A,1.0,1.0,True,True
295268,05A408,A,1.0,1.0,True,True
1372444,065009,A,1.0,0.909,True,True
1496159,065015,A,1.0,1.0,True,True
1522835,065052,A,1.0,1.0,True,True
1524266,065077,A,1.0,1.0,True,True
981927,065092,A,1.0,1.0,True,True
1380997,065097,A,1.0,1.0,True,True
1524427,065100,A,1.0,1.0,True,True
1390319,065108,A,1.0,1.0,True,True
1524347,065113,A,1.0,1.0,True,True
1509863,065119,A,1.0,0.875,True,True
1143611,065120,A,1.0,1.0,True,True
1524296,065124,A,1.0,1.0,True,True
1390342,065146,A,1.0,1.0,True,True
1400858,065150,A,1.0,1.0,True,True
1053633,065153,A,1.0,1.0,True,True
1483266,065163,A,1.0,1.0,True,True
1524424,065165,A,1.0,1.0,True,True
1524264,065171,A,1.0,1.0,True,True
168509,065179,A,1.0,1.0,True,True
1283846,065181,A,1.0,1.0,True,True
1479662,065183,A,1.0,1.0,True,True
1479663,065189,A,1.0,1.0,True,True
1390326,065192,A,1.0,1.0,True,True
1156743,065193,A,1.0,1.0,True,True
1524339,065196,A,1.0,1.0,True,True
879924,065202,A,1.0,1.0,True,True
1178063,065206,A,1.0,1.0,True,True
1156041,065208,A,1.0,1.0,True,True
1293086,065209,A,1.0,1.0,True,True
1472378,065211,A,1.0,1.0,True,True
1372521,065212,A,1.0,1.0,True,True
1493974,065213,A,1.0,1.0,True,True
613591,065217,A,1.0,1.0,True,True
1524215,065219,A,1.0,1.0,True,True
1379741,065222,A,1.0,1.0,True,True
733240,065223,A,1.0,1.0,True,True
1372374,065226,A,1.0,1.0,True,True
1156385,065228,A,1.0,1.0,True,True
1524315,065229,A,1.0,1.0,True,True
1524453,065230,A,1.0,1.0,True,True
1208924,065231,A,1.0,1.0,True,False
1413874,065233,A,1.0,1.0,True,True
1295526,065237,A,1.0,1.0,True,True
1501991,065238,A,1.0,0.971,True,True
708551,065239,A,1.0,1.0,True,True
1014761,065240,A,1.0,1.0,True,True
1502794,065241,A,1.0,1.0,True,True
1524262,065243,A,1.0,1.0,True,True
819330,065247,A,1.0,1.0,True,True
1381346,065248,A,1.0,1.0,True,True
838910,065253,A,1.0,1.0,True,True
641338,065255,A,1.0,1.0,True,True
1508235,065256,A,1.0,1.0,True,True
1016792,065265,A,1.0,1.0,True,True
1537709,065269,A,1.0,1.0,True,True
798979,065276,A,1.0,1.0,True,True
1390307,065278,A,1.0,1.0,True,True
1098285,065282,A,1.0,1.0,True,True
1524419,065283,A,1.0,1.0,True,True
1479668,065284,A,1.0,1.0,True,True
1151817,065290,A,1.0,1.0,True,True
65244,065292,A,1.0,1.0,True,True
1400765,065296,A,1.0,1.0,True,True
1135840,065297,A,1.0,1.0,True,True
1173984,065298,A,1.0,1.0,True,True
1174080,065299,A,1.0,0.973,True,True
1178007,065302,A,1.0,1.0,True,True
1173902,065308,A,1.0,1.0,True,True
1173950,065311,A,1.0,1.0,True,False
1285428,065316,A,1.0,1.0,True,True
1524302,065318,A,1.0,1.0,True,True
1524206,065321,A,1.0,1.0,True,True
1524304,065322,A,1.0,1.0,True,True
1152615,065323,A,1.0,0.938,True,True
1263133,065327,A,1.0,1.0,True,True
1172392,065330,A,1.0,1.0,True,True
1304939,065332,A,1.0,1.0,True,True
1173934,065347,A,1.0,1.0,True,True
1174013,065351,A,1.0,0.857,True,True
994816,065356,A,1.0,1.0,True,True
1540186,065358,A,1.0,1.0,True,True
1456471,065360,A,1.0,1.0,True,True
1248219,065361,A,1.0,1.0,True,True
1296332,065366,A,1.0,1.0,True,True
730949,065368,A,1.0,1.0,True,True
1069738,065370,A,1.0,1.0,True,False
1452991,065373,A,0.947,0.88,True,True
1524484,065388,A,1.0,1.0,True,True
1534277,065393,A,1.0,1.0,True,True
1101857,065396,A,1.0,0.971,True,True
1308863,065397,A,1.0,1.0,True,True
1265329,065401,A,1.0,1.0,True,True
1509775,065403,A,1.0,0.97,True,True
1524445,065404,A,1.0,0.941,True,True
1524394,065405,A,1.0,1.0,True,True
1464188,065407,A,1.0,1.0,True,True
1474096,065413,A,1.0,1.0,True,True
1502725,065415,A,1.0,1.0,True,True
957662,065416,A,1.0,1.0,True,True
1370578,065417,A,1.0,1.0,True,True
1509776,065419,A,1.0,1.0,True,True
1480007,065425,A,1.0,1.0,True,True
1522091,065427,A,1.0,1.0,True,True
1400836,065430,A,1.0,1.0,True,True
953089,065431,A,1.0,1.0,True,True
1534489,065435,A,0.8,1.0,True,False
1143042,065436,A,0.627,1.0,True,True
1521776,075034,A,0.64,1.0,True,True
1369141,075044,A,1.0,1.0,True,True
1311096,075047,A,1.0,1.0,True,True
1459286,075064,A,1.0,1.0,True,True
1139372,075070,A,1.0,1.0,True,True
817696,075084,A,1.0,1.0,True,True
1399140,075089,A,1.0,1.0,True,True
971310,075105,A,1.0,1.0,True,True
1528921,075111,A,1.0,1.0,True,True
1451104,075113,A,1.0,1.0,True,True
107059,075135,A,1.0,1.0,True,True
1284330,075138,A,1.0,1.0,True,True
604483,075144,A,1.0,1.0,True,True
1100357,075146,A,1.0,1.0,True,True
1533322,075163,A,1.0,1.0,True,True
1521790,075181,A,1.0,0.97,True,True
1536093,075183,A,1.0,1.0,True,True
1403645,075192,A,1.0,1.0,True,False
687500,075195,A,1.0,1.0,True,True
1066184,075200,A,1.0,1.0,True,True
1021803,075201,A,1.0,1.0,True,False
1290010,075202,A,1.0,1.0,True,True
735587,075208,A,1.0,1.0,True,True
1276879,075211,A,1.0,1.0,True,True
1096732,075213,A,1.0,1.0,True,True
989333,075216,A,1.0,1.0,True,True
945144,075219,A,1.0,1.0,True,True
1203155,075222,A,1.0,1.0,True,True
1435300,075230,A,1.0,1.0,True,True
1534915,075237,A,1.0,1.0,True,True
1245266,075241,A,1.0,0.938,True,True
691260,075244,A,1.0,1.0,True,True
1029979,075252,A,1.0,1.0,True,True
1399047,075253,A,1.0,1.0,True,True
997487,075257,A,1.0,1.0,True,True
1502050,075261,A,1.0,1.0,True,True
1005342,075268,A,1.0,1.0,True,True
1534562,075270,A,1.0,1.0,True,False
1430488,075271,A,1.0,1.0,True,True
572916,075272,A,1.0,1.0,True,True
1479970,075274,A,1.0,1.0,True,True
1534883,075279,A,1.0,1.0,True,True
1236502,075292,A,1.0,1.0,True,True
1029689,075299,A,1.0,1.0,True,True
1314331,075300,A,1.0,1.0,True,True
937210,075309,A,1.0,1.0,True,True
1081562,075310,A,1.0,0.963,True,True
1404812,075320,A,0.846,1.0,True,True
1495128,075323,A,1.0,0.938,True,True
546889,075325,A,1.0,1.0,True,True
1530390,075327,A,1.0,1.0,True,True
1455554,075329,A,1.0,1.0,True,True
984696,075330,A,1.0,1.0,True,True
1072790,075333,A,1.0,1.0,True,True
1423629,075335,A,1.0,1.0,True,True
1193979,075336,A,1.0,1.0,True,True
1408624,075338,A,0.974,1.0,True,True
1459928,075341,A,1.0,1.0,True,True
824930,075345,A,1.0,1.0,True,True
1520613,075349,A,1.0,1.0,True,True
236962,075361,A,1.0,1.0,True,True
566185,075368,A,1.0,1.0,True,True
1431100,075373,A,1.0,1.0,True,True
1448822,075375,A,1.0,1.0,True,True
1486641,075377,A,1.0,1.0,True,False
1316723,075380,A,1.0,1.0,True,True
1079025,075384,A,1.0,1.0,True,True
1507287,075388,A,1.0,1.0,True,True
1148373,075389,A,1.0,1.0,True,True
1451240,075393,A,1.0,1.0,True,True
1316016,075395,A,1.0,1.0,True,True
1202203,075397,A,1.0,1.0,True,True
1538904,075402,A,1.0,1.0,True,True
1514067,075403,A,1.0,1.0,True,True
1345219,075410,A,1.0,1.0,True,True
1459600,075411,A,1.0,1.0,True,True
663551,075416,A,1.0,1.0,True,True
1469978,075420,A,1.0,1.0,True,True
1245497,075423,A,1.0,1.0,True,True
1248593,075425,A,1.0,1.0,True,True
559714,075431,A,1.0,0.914,True,True
1029829,075436,A,0.824,0.917,True,True
1473427,085010,A,1.0,1.0,True,True
812328,085013,A,1.0,1.0,True,True
1490744,085015,A,1.0,1.0,True,True
1494107,085025,A,1.0,1.0,True,True
1120404,085028,A,1.0,1.0,True,True
1120400,085033,A,1.0,1.0,True,True
1507249,085034,A,1.0,1.0,True,True
1457722,085039,A,1.0,1.0,True,False
1474021,085040,A,1.0,1.0,True,True
807633,085042,A,1.0,1.0,True,True
1029738,085047,A,1.0,1.0,True,True
1035683,085057,A,1.0,1.0,True,True
796607,08A015,A,1.0,1.0,True,False
1236438,095028,A,1.0,1.0,True,True
1123120,095034,A,1.0,1.0,True,True
1451407,105001,A,1.0,0.947,True,True
1284698,105005,A,1.0,1.0,True,True
1100847,105009,A,1.0,1.0,True,True
897894,105029,A,1.0,1.0,True,True
1419181,105037,A,1.0,1.0,True,True
1428732,105039,A,1.0,1.0,True,True
167576,105045,A,1.0,1.0,True,True
1453007,105052,A,1.0,1.0,True,True
168331,105067,A,1.0,1.0,True,True
59875,105071,A,1.0,1.0,True,True
119103,105083,A,1.0,1.0,True,True
1205255,105089,A,1.0,1.0,True,True
1305227,105119,A,1.0,1.0,True,True
1362645,105125,A,1.0,1.0,True,True
1447427,105135,A,1.0,1.0,True,True
1537171,105138,A,1.0,1.0,True,True
1521444,105147,A,1.0,1.0,True,True
897867,105155,A,1.0,1.0,True,True
1037127,105159,A,1.0,1.0,True,True
43911,105166,A,1.0,1.0,True,False
1139508,105172,A,1.0,1.0,True,True
897893,105176,A,1.0,0.88,True,False
167568,105190,A,1.0,1.0,True,True
1532490,105193,A,1.0,0.968,True,True
1100922,105196,A,1.0,1.0,True,True
1203737,105205,A,1.0,1.0,True,True
1433577,105207,A,1.0,0.938,True,False
1447320,105217,A,1.0,1.0,True,True
1428725,105219,A,1.0,1.0,True,True
1428734,105234,A,1.0,1.0,True,True
1458883,105248,A,1.0,1.0,True,True
1459329,105251,A,1.0,1.0,True,True
167500,105259,A,1.0,1.0,True,True
1442932,105267,A,1.0,1.0,True,True
1283883,105268,A,1.0,1.0,True,True
1428743,105269,A,1.0,1.0,True,True
1428739,105271,A,1.0,1.0,True,True
1428740,105274,A,1.0,1.0,True,True
1453023,105275,A,1.0,1.0,True,True
478762,105277,A,1.0,1.0,True,True
1428745,105280,A,1.0,1.0,True,True
1428744,105283,A,1.0,1.0,True,True
1428738,105286,A,1.0,1.0,True,True
1455745,105289,A,1.0,1.0,True,True
857237,105291,A,1.0,1.0,True,True
1428741,105293,A,1.0,1.0,True,True
1517801,105296,A,1.0,1.0,True,True
1204215,105297,A,1.0,1.0,True,True
1511198,105298,A,0.929,1.0,True,True
897887,105299,A,1.0,1.0,True,True
1498832,105300,A,0.828,1.0,True,True
1454066,105301,A,1.0,1.0,True,True
1450872,105302,A,1.0,1.0,True,True
245548,105304,A,1.0,1.0,True,True
1201551,105305,A,1.0,1.0,True,True
425574,105307,A,1.0,1.0,True,True
245543,105308,A,1.0,1.0,True,True
245557,105310,A,1.0,0.875,True,True
1213680,105311,A,1.0,1.0,True,True
1213734,105315,A,1.0,1.0,True,True
1213678,105317,A,1.0,1.0,True,True
1213717,105321,A,1.0,1.0,True,True
1156742,105324,A,1.0,0.96,True,True
1428728,105327,A,0.857,1.0,True,True
1433606,105328,A,1.0,1.0,True,True
1428726,105342,A,1.0,0.95,True,True
1284136,105343,A,1.0,1.0,True,True
1096073,105353,A,1.0,1.0,True,True
1475507,105354,A,1.0,1.0,True,True
1300139,105358,A,1.0,1.0,True,True
1494140,105363,A,1.0,1.0,True,True
1447105,105364,A,1.0,1.0,True,True
1264750,105365,A,1.0,1.0,True,True
1441672,105366,A,1.0,1.0,True,True
245546,105372,A,1.0,1.0,True,True
1522155,105375,A,1.0,1.0,True,True
1213742,105376,A,1.0,1.0,True,True
1495164,105378,A,1.0,1.0,True,True
986526,105381,A,1.0,1.0,True,True
1450829,105382,A,1.0,1.0,True,True
228921,105385,A,1.0,1.0,True,True
1443706,105389,A,1.0,0.909,True,True
1470952,105390,A,1.0,1.0,True,True
1387328,105393,A,1.0,1.0,True,True
1428729,105397,A,1.0,0.96,True,True
1447408,105398,A,1.0,1.0,True,True
1450860,105399,A,1.0,1.0,True,True
1509878,105401,A,1.0,1.0,True,True
1119756,105402,A,1.0,1.0,True,True
1514016,105404,A,1.0,1.0,True,True
897892,105408,A,1.0,1.0,True,True
481118,105410,A,0.897,1.0,True,True
612188,105411,A,1.0,1.0,True,True
1435228,105420,A,0.912,1.0,True,True
1452502,105421,A,1.0,1.0,True,True
1115468,105423,A,1.0,1.0,True,False
1428746,105429,A,1.0,1.0,True,True
1438782,105430,A,1.0,1.0,True,True
743158,105431,A,1.0,1.0,True,True
1361985,105434,A,1.0,1.0,True,True
1532992,105435,A,1.0,1.0,True,True
1296852,105436,A,1.0,1.0,True,True
1452646,105437,A,1.0,0.923,True,True
1452438,105442,A,1.0,1.0,True,True
1425674,105447,A,1.0,1.0,True,True
1428735,105448,A,1.0,1.0,True,True
1452506,105453,A,1.0,1.0,True,False
1129087,105454,A,1.0,1.0,True,True
1449854,105455,A,1.0,1.0,True,True
1364123,105458,A,1.0,0.955,True,True
1454089,105459,A,1.0,1.0,True,True
1520232,105466,A,1.0,1.0,True,True
1308535,105467,A,1.0,1.0,True,True
1008552,105472,A,1.0,1.0,True,True
167824,105473,A,1.0,0.923,True,True
1453150,105474,A,1.0,1.0,True,True
1336178,105475,A,1.0,1.0,True,True
1470063,105476,A,1.0,0.941,True,True
897853,105477,A,1.0,1.0,True,True
44054,105478,A,1.0,1.0,True,True
544687,105479,A,1.0,1.0,True,True
1517627,105481,A,1.0,1.0,True,True
1498250,105484,A,1.0,1.0,True,True
1478071,105486,A,1.0,0.857,True,True
1508747,105487,A,0.625,1.0,True,False
1492966,105488,A,1.0,0.929,True,True
1502200,105491,A,1.0,1.0,True,True
1172497,105495,A,1.0,1.0,True,True
1327049,105496,A,1.0,1.0,True,True
1326724,105499,A,1.0,1.0,True,True
1236425,105504,A,1.0,1.0,True,True
1433428,105506,A,1.0,1.0,True,True
1522886,105510,A,1.0,0.929,True,True
897884,105512,A,1.0,1.0,True,True
1207766,105513,A,1.0,0.929,True,True
1452913,105514,A,1.0,0.929,True,True
664916,105515,A,1.0,1.0,True,True
1475913,105516,A,1.0,1.0,True,True
1452115,105518,A,1.0,1.0,True,True
1420716,105519,A,1.0,1.0,True,True
245538,105521,A,1.0,1.0,True,True
1036896,105522,A,1.0,1.0,True,True
1285438,105523,A,1.0,1.0,True,True
902942,105528,A,1.0,1.0,True,True
1310341,105530,A,1.0,1.0,True,True
1428733,105539,A,1.0,1.0,True,True
1524018,105544,A,1.0,1.0,True,True
1445616,105547,A,1.0,1.0,True,True
168375,105548,A,1.0,1.0,True,True
1424763,105550,A,1.0,1.0,True,True
1428727,105553,A,1.0,1.0,True,True
1269865,105554,A,1.0,1.0,True,True
1272128,105560,A,0.941,1.0,True,True
1470456,105561,A,1.0,1.0,True,True
260920,105562,A,1.0,1.0,True,True
1224642,105563,A,0.909,1.0,True,True
1448443,105565,A,1.0,0.957,True,True
261163,105566,A,1.0,1.0,True,True
1431497,105567,A,1.0,1.0,True,True
1428736,105568,A,1.0,1.0,True,True
259634,105571,A,1.0,1.0,True,True
897863,105572,A,1.0,1.0,True,True
260919,105574,A,1.0,1.0,True,True
1208815,105575,A,1.0,0.923,True,True
261021,105577,A,1.0,1.0,True,True
259271,105581,A,1.0,1.0,True,True
261114,105591,A,1.0,1.0,True,True
261119,105592,A,1.0,1.0,True,True
1208687,105596,A,1.0,1.0,True,True
1128845,105599,A,1.0,1.0,True,False
261072,105600,A,0.943,1.0,True,True
953600,105602,A,0.75,1.0,True,True
167818,105603,A,1.0,1.0,True,True
1452218,105606,A,1.0,1.0,True,True
261142,105607,A,1.0,1.0,True,True
1420715,105609,A,1.0,1.0,True,True
259260,105610,A,1.0,1.0,True,True
1521763,105613,A,1.0,1.0,True,True
1181432,105617,A,1.0,1.0,True,True
1417289,105618,A,1.0,1.0,True,True
1465558,105620,A,1.0,1.0,True,True
801472,105621,A,1.0,1.0,True,True
897855,105622,A,1.0,1.0,True,True
688075,105623,A,1.0,0.889,True,True
167528,105624,A,1.0,1.0,True,True
1263759,105629,A,1.0,1.0,True,True
1451338,105632,A,1.0,0.963,True,True
1026047,105635,A,1.0,0.875,True,True
1393090,105636,A,1.0,1.0,True,True
1466567,105637,A,1.0,1.0,True,True
1448814,105638,A,1.0,1.0,True,True
1420717,105641,A,1.0,1.0,True,True
1448363,105643,A,1.0,1.0,True,True
1534464,105649,A,1.0,1.0,True,True
168308,105650,A,1.0,1.0,True,True
1004524,105652,A,1.0,1.0,True,True
1521745,105654,A,1.0,0.933,True,True
927108,105657,A,1.0,1.0,True,True
1532752,105658,A,1.0,1.0,True,True
1362473,105659,A,1.0,1.0,True,True
1533326,105660,A,1.0,1.0,True,True
425577,105666,A,1.0,1.0,True,True
1021311,105670,A,0.909,1.0,True,True
245551,105671,A,1.0,0.917,True,True
1452916,105673,A,1.0,0.971,True,True
1420713,105680,A,1.0,1.0,True,True
260917,105682,A,1.0,1.0,True,True
1445891,105684,A,1.0,1.0,True,True
1336177,105685,A,1.0,0.957,True,True
281670,105686,A,1.0,1.0,True,True
409616,105687,A,1.0,1.0,True,True
1428730,105690,A,1.0,1.0,True,True
1426755,105693,A,1.0,1.0,True,True
1026407,105697,A,1.0,1.0,True,False
425572,105700,A,1.0,0.938,True,True
1467652,105701,A,1.0,1.0,True,False
1477449,105702,A,1.0,1.0,True,True
168353,105703,A,1.0,1.0,True,True
1494632,105706,A,1.0,1.0,True,True
1451448,105707,A,1.0,1.0,True,True
1305255,105708,A,1.0,1.0,True,True
1420714,105709,A,1.0,0.933,True,True
168384,105710,A,1.0,1.0,True,True
897888,105713,A,1.0,1.0,True,True
897889,105714,A,1.0,1.0,True,True
1005919,105717,A,1.0,1.0,True,True
1025073,105719,A,1.0,0.933,True,True
1537170,105721,A,1.0,1.0,True,True
1446954,105723,A,1.0,1.0,True,True
167860,105724,A,1.0,1.0,True,True
1125439,105727,A,1.0,1.0,True,True
897886,105728,A,1.0,0.917,True,True
1313793,105729,A,1.0,1.0,True,True
1183916,105730,A,1.0,1.0,True,True
261048,105733,A,1.0,1.0,True,False
167511,105735,A,1.0,1.0,True,True
261100,105736,A,1.0,1.0,True,True
167517,105737,A,1.0,1.0,True,True
482561,105738,A,1.0,1.0,True,True
1428723,105749,A,1.0,1.0,True,True
1437428,105751,A,1.0,1.0,True,True
1310972,105755,A,1.0,1.0,True,True
1507313,105761,A,1.0,1.0,True,True
1538674,105765,A,1.0,1.0,True,False
1048845,105769,A,1.0,1.0,True,False
1537166,105774,A,1.0,1.0,True,False
167781,105776,A,1.0,1.0,True,True
1537214,105777,A,1.0,1.0,True,True
1428731,105780,A,0.727,1.0,True,True
1088841,105782,A,1.0,1.0,True,True
1096789,105783,A,1.0,0.95,True,True
190078,105784,A,0.963,1.0,True,True
1538110,105790,A,1.0,1.0,True,True
897885,105791,A,1.0,1.0,True,True
1423070,105792,A,1.0,1.0,True,True
167853,105793,A,1.0,1.0,True,True
910147,105803,A,1.0,1.0,True,True
1508892,105807,A,1.0,1.0,True,True
1076573,105808,A,1.0,1.0,True,True
392050,105812,A,1.0,1.0,True,True
167836,105819,A,1.0,0.923,True,True
1494144,105821,A,1.0,1.0,True,False
1537173,105824,A,1.0,0.867,True,True
1403358,105825,A,1.0,1.0,True,True
1135617,105826,A,1.0,1.0,True,False
167805,105831,A,1.0,0.973,True,True
1537678,105835,A,1.0,1.0,True,True
167591,105837,A,1.0,1.0,True,True
902214,105839,A,1.0,1.0,True,True
1451277,105842,A,1.0,1.0,True,True
1445896,105846,A,1.0,1.0,True,True
1458955,105849,A,1.0,1.0,True,True
1451839,105855,A,1.0,1.0,True,True
801314,105858,A,1.0,1.0,True,True
1494747,105859,A,1.0,1.0,True,True
1469988,105860,A,1.0,1.0,True,True
1427582,105861,A,1.0,1.0,True,True
167754,105868,A,1.0,1.0,True,False
1097793,105870,A,1.0,1.0,True,True
167829,105872,A,1.0,1.0,True,True
167791,105878,A,1.0,1.0,True,True
817398,105881,A,1.0,1.0,True,True
1428737,105882,A,1.0,1.0,True,True
668728,105884,A,1.0,1.0,True,True
1052761,105885,A,1.0,1.0,True,True
1447207,105891,A,1.0,0.95,True,True
1534800,105892,A,1.0,1.0,True,True
1529959,105903,A,1.0,1.0,True,True
168187,105904,A,1.0,1.0,True,True
1209711,105911,A,1.0,1.0,True,True
739933,105921,A,1.0,1.0,True,True
1495873,105924,A,1.0,1.0,True,True
1286625,105928,A,1.0,1.0,True,True
1453002,105935,A,1.0,1.0,True,True
894744,105939,A,1.0,0.923,True,True
1458954,105959,A,1.0,1.0,True,True
935279,105960,A,1.0,1.0,True,True
735621,105962,A,1.0,1.0,True,True
1531569,105963,A,1.0,1.0,True,True
1139622,105965,A,1.0,1.0,True,True
916138,105967,A,1.0,1.0,True,True
1450085,105974,A,1.0,1.0,True,True
961095,105979,A,1.0,1.0,True,True
1107923,105980,A,1.0,1.0,True,True
1268736,105986,A,1.0,1.0,True,True
167538,105987,A,0.963,1.0,True,True
1466099,105998,A,0.667,0.905,True,True
1422166,105999,A,1.0,1.0,True,True
1425608,106002,A,1.0,1.0,True,True
1285364,106003,A,1.0,1.0,True,True
1509517,106005,A,1.0,0.923,True,True
1531451,106009,A,1.0,1.0,True,True
1468752,106011,A,1.0,1.0,True,True
898549,106012,A,1.0,1.0,True,True
1413306,106025,A,1.0,1.0,True,True
245556,106027,A,1.0,1.0,True,True
82812,106036,A,1.0,1.0,True,True
1139595,106041,A,1.0,1.0,True,True
1053469,106043,A,1.0,1.0,True,True
1095353,106046,A,1.0,1.0,True,False
639681,106047,A,1.0,1.0,True,True
1284458,106049,A,0.909,1.0,True,True
1238330,106057,A,1.0,1.0,True,True
1064894,106060,A,1.0,0.927,True,True
1274329,106064,A,0.828,1.0,True,True
1035423,106072,A,1.0,1.0,True,True
1514240,106073,A,1.0,1.0,True,True
1537522,106079,A,1.0,1.0,True,True
193851,106080,A,1.0,1.0,True,True
1532958,106081,A,1.0,1.0,True,True
245555,106084,A,1.0,1.0,True,False
1048581,106086,A,1.0,0.909,True,True
1448810,106093,A,0.737,1.0,True,True
811267,106094,A,0.778,1.0,True,False
1534991,106095,A,0.8,1.0,True,True
1299822,106097,A,1.0,1.0,True,True
1276878,106098,A,1.0,1.0,True,True
167841,106102,A,1.0,1.0,True,True
1207973,106106,A,1.0,1.0,True,True
1453932,106112,A,1.0,1.0,True,True
927200,106114,A,1.0,1.0,True,True
1454197,106117,A,1.0,1.0,True,True
1068298,106120,A,1.0,0.927,True,True
1511662,106126,A,1.0,1.0,True,True
1308140,106128,A,1.0,1.0,True,True
1380303,106132,A,1.0,0.971,True,True
1493166,106133,A,1.0,0.933,True,True
1528678,106134,A,1.0,1.0,True,True
1154863,106135,A,1.0,1.0,True,True
1454572,106136,A,0.923,1.0,True,False
1473586,106137,A,1.0,1.0,True,True
1458952,106139,A,0.96,1.0,True,True
1431657,106143,A,1.0,1.0,True,True
1502812,106144,A,1.0,1.0,True,True
1025015,106145,A,1.0,1.0,True,True
1484594,106146,A,1.0,1.0,True,True
1457424,106147,A,1.0,1.0,True,True
1185956,106149,A,1.0,1.0,True,False
1312620,106152,A,1.0,1.0,True,True
903291,115004,A,1.0,1.0,True,True
1539128,115020,A,1.0,0.93,True,True
1413062,115025,A,1.0,1.0,True,True
1204908,115040,A,1.0,1.0,True,True
1010267,115104,A,1.0,1.0,True,True
903283,115124,A,1.0,1.0,True,True
168406,115132,A,1.0,1.0,True,True
609803,115138,A,1.0,1.0,True,True
1297006,115144,A,1.0,1.0,True,True
1255431,115272,A,1.0,1.0,True,True
1540067,115273,A,1.0,1.0,True,True
643781,115279,A,1.0,1.0,True,True
1523331,115283,A,1.0,1.0,True,True
483049,115287,A,1.0,0.903,True,True
377758,115290,A,1.0,0.976,True,True
1095586,115294,A,1.0,1.0,True,True
883178,115295,A,1.0,1.0,True,True
1515046,115308,A,1.0,1.0,True,True
1432536,115321,A,1.0,1.0,True,True
1267414,115324,A,1.0,1.0,True,True
1520160,115343,A,1.0,1.0,True,False
951561,115347,A,1.0,1.0,True,True
882993,115353,A,1.0,1.0,True,True
1274728,115358,A,1.0,0.938,True,True
1425482,115362,A,1.0,1.0,True,True
944022,115364,A,1.0,1.0,True,True
287317,115369,A,1.0,1.0,True,True
1185076,115375,A,1.0,1.0,True,True
937633,115381,A,1.0,1.0,True,True
1462653,115387,A,1.0,1.0,True,True
287175,115428,A,1.0,1.0,True,True
1454256,115431,A,1.0,1.0,True,True
1177882,115435,A,1.0,1.0,True,True
302115,115460,A,1.0,1.0,True,True
1522569,115463,A,1.0,1.0,True,True
1498413,115474,A,1.0,1.0,True,True
1466337,115481,A,1.0,1.0,True,True
988715,115484,A,1.0,1.0,True,True
849217,115487,A,1.0,0.909,True,True
810284,115492,A,0.944,1.0,True,True
1512246,115501,A,1.0,1.0,True,True
1258090,115507,A,1.0,1.0,True,True
1452421,115522,A,1.0,1.0,True,True
1437712,115523,A,1.0,0.96,True,True
658590,115528,A,1.0,1.0,True,True
1189915,115532,A,1.0,1.0,True,True
1065863,115538,A,1.0,1.0,True,True
1018567,115540,A,0.615,1.0,True,True
1454470,115542,A,1.0,1.0,True,False
903261,115553,A,0.696,0.919,True,True
1440800,115556,A,1.0,1.0,True,True
859224,115558,A,1.0,0.923,True,True
1474358,115559,A,1.0,0.971,True,True
1507590,115560,A,1.0,1.0,True,True
983876,115563,A,1.0,1.0,True,True
666062,115578,A,1.0,0.933,True,True
1498391,115582,A,1.0,1.0,True,True
679106,115584,A,1.0,0.909,True,False
1372989,115585,A,1.0,0.914,True,True
1329150,115593,A,1.0,1.0,True,True
1102772,115596,A,1.0,1.0,True,True
1440248,115597,A,1.0,1.0,True,True
1272024,115598,A,1.0,1.0,True,True
903274,115599,A,1.0,1.0,True,True
167864,115612,A,1.0,1.0,True,False
1070976,115613,A,1.0,1.0,True,True
1435458,115614,A,1.0,1.0,True,True
1238091,115638,A,1.0,1.0,True,True
951443,115659,A,1.0,1.0,True,False
925213,115670,A,1.0,0.857,True,True
287081,115671,A,1.0,1.0,True,True
1347229,115674,A,1.0,1.0,True,True
1288650,115676,A,1.0,1.0,True,True
1257761,115689,A,1.0,0.96,True,True
804679,115692,A,1.0,1.0,True,True
1097355,115696,A,1.0,0.938,True,True
894070,115708,A,1.0,0.897,True,True
854892,115714,A,1.0,1.0,True,True
1014450,115717,A,1.0,0.897,True,True
1458122,115719,A,1.0,1.0,True,True
1512714,115724,A,1.0,1.0,True,True
663501,115726,A,1.0,1.0,True,True
1227911,115771,A,1.0,1.0,True,True
271152,125007,A,0.688,1.0,True,True
731111,125020,A,1.0,1.0,True,True
1403581,125026,A,1.0,1.0,True,True
1469134,125038,A,1.0,1.0,True,True
1363283,125040,A,1.0,1.0,True,True
1469203,125042,A,1.0,1.0,True,True
1469204,125043,A,1.0,1.0,True,True
813092,125045,A,1.0,1.0,True,True
730428,125052,A,1.0,0.96,True,True
271153,125056,A,0.688,1.0,True,True
1469202,125057,A,1.0,1.0,True,True
1452846,125058,A,0.7,1.0,True,True
1410190,135010,A,1.0,1.0,True,True
1524277,135011,A,1.0,1.0,True,True
1410178,135014,A,1.0,1.0,True,True
1524359,135018,A,1.0,1.0,True,True
1410187,135019,A,0.64,1.0,True,True
1524425,135020,A,1.0,1.0,True,True
1410183,135021,A,1.0,1.0,True,True
655028,135038,A,1.0,1.0,True,True
1524317,135042,A,1.0,1.0,True,True
1410180,135048,A,1.0,1.0,True,True
1410179,135051,A,1.0,1.0,True,True
1524303,135053,A,1.0,0.97,True,True
1410185,135065,A,0.667,1.0,True,True
1524393,135068,A,1.0,1.0,True,True
1524345,135076,A,1.0,1.0,True,True
1524444,135077,A,1.0,1.0,True,True
1410142,135079,A,0.65,0.933,True,True
1524343,135082,A,1.0,1.0,True,True
1456658,135084,A,1.0,1.0,True,True
1524377,135087,A,1.0,0.857,True,True
1456650,135089,A,1.0,1.0,True,True
1410189,135090,A,1.0,0.933,True,True
1327677,135091,A,1.0,1.0,True,True
1410175,135093,A,0.696,1.0,True,True
1410141,135095,A,0.696,1.0,True,True
1524488,135098,A,1.0,1.0,True,True
1456659,135102,A,1.0,1.0,True,True
1410139,135104,A,1.0,1.0,True,True
808129,135113,A,1.0,1.0,True,True
1410159,135116,A,0.64,1.0,True,True
726257,135122,A,0.97,0.923,True,True
857090,135123,A,1.0,1.0,True,False
1524251,135125,A,1.0,1.0,True,True
1515227,135127,A,1.0,1.0,True,True
633649,135128,A,1.0,1.0,True,True
1524260,135129,A,1.0,1.0,True,True
239250,135130,A,1.0,1.0,True,True
1524214,135134,A,1.0,1.0,True,True
1379793,135135,A,1.0,1.0,True,True
1410157,135138,A,0.727,1.0,True,True
1527754,135142,A,1.0,1.0,True,True
1538334,135143,A,1.0,1.0,True,True
1410151,135145,A,1.0,1.0,True,True
1410176,135146,A,1.0,1.0,True,True
873096,145000,A,1.0,0.903,True,True
807190,145004,A,1.0,1.0,True,True
215826,145006,A,1.0,1.0,True,True
1072548,145012,A,1.0,1.0,True,True
1082553,145021,A,1.0,1.0,True,True
1169232,145024,A,1.0,1.0,True,True
1386909,145044,A,1.0,1.0,True,True
893165,145045,A,1.0,1.0,True,True
1095160,145058,A,1.0,0.944,True,True
1108009,145062,A,1.0,1.0,True,True
1426593,145087,A,1.0,0.88,True,True
933880,145126,A,0.737,1.0,True,True
1426257,145135,A,1.0,1.0,True,True
1437719,145160,A,1.0,0.909,True,True
1003253,145180,A,1.0,1.0,True,True
1445000,145183,A,1.0,1.0,True,True
1336234,145197,A,1.0,1.0,True,True
929214,145198,A,1.0,1.0,True,True
803373,145200,A,1.0,1.0,True,True
1477808,145208,A,1.0,1.0,True,True
1465496,145211,A,1.0,1.0,True,True
1153054,145219,A,1.0,1.0,True,True
1499239,145221,A,1.0,0.857,True,True
1513940,145222,A,1.0,1.0,True,True
1497483,145234,A,0.692,0.933,True,True
1285706,145235,A,1.0,1.0,True,True
1450480,145239,A,1.0,1.0,True,False
858954,145243,A,1.0,1.0,True,True
1237177,145244,A,1.0,1.0,True,True
1183359,145246,A,1.0,1.0,True,True
1373686,145261,A,1.0,1.0,True,True
1392772,145267,A,1.0,0.944,True,True
1230150,145268,A,1.0,1.0,True,False
1392763,145271,A,1.0,1.0,True,True
1037492,145273,A,1.0,1.0,True,True
1392777,145286,A,1.0,1.0,True,True
1531894,145290,A,0.7,1.0,True,True
1506842,145294,A,1.0,0.897,True,True
1441146,145295,A,1.0,0.944,True,True
910155,145304,A,1.0,1.0,True,True
994178,145307,A,0.872,0.857,True,True
1456673,145308,A,1.0,0.857,True,True
1103302,145312,A,1.0,1.0,True,True
1145569,145319,A,1.0,0.87,True,True
726847,145333,A,1.0,1.0,True,True
1465361,145334,A,0.971,1.0,True,True
1094405,145336,A,1.0,1.0,True,True
1426289,145337,A,0.88,0.875,True,True
1497470,145338,A,1.0,1.0,True,True
329670,145339,A,1.0,0.875,True,True
1448704,145343,A,1.0,1.0,True,True
732686,145350,A,1.0,1.0,True,True
1492625,145358,A,1.0,0.966,True,True
1101428,145363,A,0.821,1.0,True,True
1392697,145367,A,1.0,1.0,True,True
1459839,145370,A,1.0,1.0,True,True
1463345,145371,A,1.0,0.938,True,True
1044852,145372,A,1.0,1.0,True,False
933851,145379,A,1.0,1.0,True,True
427840,145380,A,1.0,0.914,True,True
1102766,145382,A,1.0,1.0,True,True
930232,145403,A,1.0,1.0,True,True
1148043,145404,A,1.0,1.0,True,True
949124,145406,A,1.0,1.0,True,True
1295638,145411,A,1.0,0.903,True,True
1442436,145413,A,1.0,1.0,True,True
803390,145414,A,1.0,0.903,True,True
1517101,145415,A,1.0,0.882,True,True
1466670,145418,A,0.97,1.0,True,True
1401243,145419,A,1.0,1.0,True,True
1362526,145420,A,1.0,0.914,True,True
1492912,145422,A,1.0,1.0,True,False
1373670,145426,A,1.0,1.0,True,True
1455982,145427,A,1.0,0.895,True,True
930307,145429,A,1.0,1.0,True,True
632840,145433,A,0.769,1.0,True,True
1442115,145436,A,1.0,1.0,True,True
1435110,145437,A,1.0,0.957,True,True
1558696,145440,A,1.0,0.857,True,True
1437188,145441,A,1.0,1.0,True,True
1171933,145447,A,1.0,1.0,True,True
595783,145449,A,1.0,0.929,True,True
1107805,145452,A,1.0,1.0,True,True
933952,145453,A,1.0,0.857,True,True
1392663,145456,A,1.0,1.0,True,True
168431,145457,A,1.0,1.0,True,True
1499173,145458,A,1.0,1.0,True,False
1205773,145465,A,1.0,1.0,True,True
1462201,145466,A,1.0,0.923,True,True
1037554,145469,A,1.0,1.0,True,True
1044854,145473,A,1.0,1.0,True,True
803375,145476,A,1.0,1.0,True,True
88901,145479,A,1.0,1.0,True,True
568779,145482,A,1.0,1.0,True,True
910144,145484,A,1.0,1.0,True,True
1442525,145486,A,1.0,1.0,True,True
145222,145488,A,1.0,1.0,True,True
1326895,145494,A,1.0,0.87,True,True
931122,145495,A,1.0,1.0,True,True
1083020,145502,A,1.0,0.897,True,True
1092419,145507,A,1.0,1.0,True,True
1037431,145508,A,1.0,1.0,True,True
950299,145511,A,1.0,1.0,True,True
1459837,145514,A,1.0,1.0,True,True
1437684,145517,A,1.0,1.0,True,True
1552149,145518,A,1.0,1.0,True,True
1459670,145519,A,0.769,1.0,True,True
1373942,145536,A,1.0,1.0,True,True
1465504,145538,A,1.0,1.0,True,True
1392771,145546,A,0.824,1.0,True,True
1441395,145549,A,1.0,1.0,True,True
1435138,145556,A,1.0,1.0,True,True
930203,145557,A,1.0,1.0,True,True
1457678,145563,A,1.0,1.0,True,True
930218,145582,A,1.0,0.933,True,True
1295629,145584,A,1.0,1.0,True,True
1373737,145591,A,0.875,1.0,True,True
1098056,145593,A,1.0,1.0,True,True
926565,145596,A,1.0,1.0,True,True
945107,145601,A,1.0,1.0,True,True
397023,145602,A,1.0,1.0,True,True
922312,145603,A,1.0,0.889,True,True
1465345,145608,A,0.867,1.0,True,True
1465480,145611,A,1.0,1.0,True,True
1044853,145612,A,1.0,1.0,True,True
1455250,145615,A,1.0,0.941,True,True
946006,145619,A,1.0,1.0,True,True
568814,145621,A,1.0,1.0,True,True
1084095,145623,A,1.0,1.0,True,True
1497320,145625,A,1.0,0.884,True,True
1266153,145628,A,1.0,0.897,True,True
1465424,145629,A,1.0,1.0,True,True
910153,145630,A,1.0,1.0,True,True
370411,145632,A,1.0,0.867,True,False
1191989,145634,A,1.0,1.0,True,True
1371031,145638,A,1.0,1.0,True,True
1497362,145639,A,1.0,1.0,True,True
1037532,145649,A,1.0,1.0,True,True
1368745,145651,A,1.0,1.0,True,True
1531714,145655,A,0.783,0.865,True,True
1286210,145657,A,1.0,1.0,True,True
1442659,145658,A,1.0,1.0,True,True
1442799,145659,A,1.0,1.0,True,True
1423988,145661,A,1.0,1.0,True,True
910152,145662,A,1.0,1.0,True,True
1439028,145664,A,1.0,0.903,True,True
882800,145667,A,1.0,1.0,True,True
1530959,145668,A,1.0,1.0,True,True
633489,145670,A,1.0,1.0,True,True
859744,145678,A,1.0,1.0,True,True
345669,145679,A,1.0,0.875,True,True
1444229,145681,A,1.0,1.0,True,True
910150,145683,A,1.0,1.0,True,True
930579,145685,A,0.933,1.0,True,True
933814,145688,A,1.0,0.923,True,True
1183338,145689,A,1.0,1.0,True,True
1037406,145691,A,1.0,1.0,True,True
1206732,145700,A,1.0,1.0,True,True
980771,145706,A,1.0,1.0,True,True
1436062,145710,A,1.0,1.0,True,True
1379252,145712,A,1.0,0.87,True,True
925924,145713,A,1.0,0.889,True,True
1456666,145714,A,1.0,0.857,True,True
685470,145715,A,1.0,1.0,True,True
1530784,145717,A,1.0,1.0,True,True
1465486,145718,A,1.0,1.0,True,False
1435934,145719,A,1.0,1.0,True,True
1447205,145724,A,1.0,1.0,True,True
145214,145726,A,1.0,1.0,True,True
202820,145729,A,1.0,1.0,True,True
163117,145730,A,1.0,1.0,True,True
1539678,145731,A,0.927,1.0,True,False
1184100,145732,A,1.0,1.0,True,True
215531,145733,A,1.0,0.889,True,True
1522605,145734,A,1.0,0.875,True,True
933924,145736,A,1.0,0.857,True,True
1095080,145737,A,1.0,1.0,True,True
1421753,145740,A,1.0,1.0,True,False
1446155,145741,A,1.0,1.0,True,True
820381,145751,A,1.0,1.0,True,True
1368752,145753,A,1.0,0.867,True,True
1529323,145757,A,1.0,1.0,True,True
1444234,145758,A,1.0,1.0,True,True
1434121,145759,A,1.0,1.0,True,True
83107,145761,A,1.0,1.0,True,True
1492723,145764,A,1.0,0.909,True,True
1456669,145765,A,1.0,0.857,True,True
1037396,145769,A,1.0,0.87,True,True
1362007,145770,A,0.919,1.0,True,True
944864,145772,A,1.0,1.0,True,True
1454839,145773,A,1.0,1.0,True,True
1463343,145774,A,1.0,1.0,True,True
1538258,145775,A,1.0,1.0,True,True
852946,145778,A,1.0,0.867,True,True
1403248,145779,A,1.0,1.0,True,True
1503991,145781,A,1.0,0.867,True,True
1037825,145783,A,1.0,1.0,True,True
1492647,145784,A,1.0,0.889,True,True
857775,145789,A,1.0,1.0,True,True
1410133,145795,A,1.0,1.0,True,True
1284810,145798,A,1.0,1.0,True,True
1452335,145800,A,1.0,1.0,True,True
1183417,145803,A,1.0,1.0,True,True
229970,145809,A,0.769,1.0,True,True
1452507,145811,A,1.0,1.0,True,True
1468123,145813,A,1.0,1.0,True,True
809542,145816,A,1.0,1.0,True,True
1497718,145818,A,1.0,1.0,True,True
1450911,145819,A,1.0,0.933,True,True
1392767,145820,A,1.0,1.0,True,False
1183675,145821,A,1.0,1.0,True,True
1257507,145825,A,1.0,1.0,True,True
497094,145829,A,1.0,1.0,True,True
949706,145830,A,1.0,1.0,True,True
1444283,145832,A,1.0,1.0,True,True
1456662,145834,A,1.0,1.0,True,True
1101889,145835,A,1.0,1.0,True,True
1459838,145836,A,1.0,1.0,True,True
239191,145837,A,1.0,1.0,True,False
1099202,145838,A,1.0,1.0,True,True
1539490,145839,A,1.0,1.0,True,True
899937,145841,A,1.0,1.0,True,True
1183461,145844,A,1.0,1.0,True,True
1368748,145846,A,1.0,1.0,True,True
1456337,145852,A,1.0,0.933,True,True
836828,145853,A,1.0,1.0,True,False
1439871,145857,A,1.0,0.914,True,True
868824,145860,A,1.0,0.919,True,True
998358,145866,A,0.636,1.0,True,True
1424272,145867,A,1.0,1.0,True,True
933871,145869,A,1.0,1.0,True,True
929840,145872,A,1.0,1.0,True,True
147913,145877,A,1.0,0.941,True,True
901424,145878,A,1.0,1.0,True,True
723494,145879,A,1.0,0.929,True,True
1208699,145881,A,1.0,1.0,True,True
1471588,145886,A,1.0,0.897,True,True
1363162,145887,A,1.0,1.0,True,True
933912,145888,A,1.0,1.0,True,True
1440579,145892,A,1.0,1.0,True,True
1096764,145893,A,1.0,1.0,True,True
1280380,145898,A,1.0,1.0,True,True
970744,145899,A,1.0,0.957,True,True
1465438,145901,A,1.0,1.0,True,True
1459840,145903,A,1.0,1.0,True,True
1464476,145906,A,1.0,1.0,True,True
933798,145907,A,1.0,1.0,True,True
1186113,145908,A,1.0,1.0,True,True
1438761,145910,A,1.0,1.0,True,True
1539944,145913,A,1.0,1.0,True,True
1024937,145917,A,1.0,0.95,True,True
1453789,145920,A,1.0,1.0,True,True
73050,145921,A,1.0,1.0,True,True
456319,145923,A,1.0,1.0,True,True
1456672,145927,A,1.0,0.867,True,True
1434013,145930,A,1.0,1.0,True,True
1454549,145931,A,1.0,1.0,True,True
187811,145933,A,1.0,0.919,True,True
1439045,145935,A,1.0,1.0,True,True
1426301,145936,A,1.0,1.0,True,True
1492709,145937,A,1.0,1.0,True,True
1558274,145939,A,1.0,1.0,True,True
1520885,145944,A,1.0,1.0,True,True
893167,145946,A,1.0,0.941,True,True
145270,145947,A,1.0,1.0,True,True
1430924,145948,A,1.0,1.0,True,True
1537758,145950,A,0.733,1.0,True,True
1392599,145952,A,1.0,1.0,True,True
934969,145953,A,1.0,1.0,True,True
1522838,145956,A,1.0,1.0,True,True
1123093,145960,A,1.0,0.875,True,True
944758,145963,A,1.0,0.933,True,True
899939,145967,A,0.98,1.0,True,True
1424108,145969,A,1.0,0.944,True,True
1430206,145970,A,1.0,1.0,True,True
1299054,145971,A,1.0,1.0,True,True
904113,145974,A,1.0,1.0,True,True
1443131,145978,A,1.0,1.0,True,True
1183667,145980,A,1.0,1.0,True,True
1426317,145983,A,1.0,1.0,True,True
939002,145984,A,1.0,0.933,True,True
1373161,145987,A,1.0,0.87,True,True
888174,145989,A,1.0,1.0,True,True
1103008,145990,A,1.0,0.952,True,True
1372624,145994,A,1.0,0.947,True,True
1491615,145995,A,1.0,0.867,True,True
930180,145998,A,1.0,1.0,True,True
148106,146001,A,1.0,0.865,True,True
930297,146008,A,1.0,1.0,True,False
1503388,146018,A,1.0,0.882,True,True
1037522,146021,A,1.0,1.0,True,True
593952,146030,A,1.0,1.0,True,True
901622,146031,A,1.0,1.0,True,True
1450508,146033,A,1.0,1.0,True,True
1503898,146037,A,1.0,0.889,True,True
1459836,146039,A,1.0,1.0,True,True
1466564,146040,A,1.0,1.0,True,True
1434605,146043,A,1.0,1.0,True,True
1212035,146045,A,1.0,1.0,True,True
1122258,146051,A,1.0,1.0,True,True
1436035,146053,A,1.0,0.95,True,True
1457719,146054,A,1.0,1.0,True,True
1451785,146056,A,1.0,1.0,True,True
1537896,146057,A,1.0,1.0,True,True
1444303,146058,A,0.933,1.0,True,True
1392782,146059,A,1.0,1.0,True,True
1456078,146062,A,1.0,0.895,True,True
1067152,146066,A,1.0,1.0,True,True
1527494,146067,A,0.706,1.0,True,True
945069,146068,A,1.0,1.0,True,True
567886,146071,A,1.0,1.0,True,True
1442664,146076,A,1.0,1.0,True,True
1537898,146080,A,1.0,1.0,True,True
1368751,146085,A,1.0,1.0,True,True
1430902,146086,A,1.0,1.0,True,True
224625,146090,A,1.0,1.0,True,True
201920,146091,A,1.0,1.0,True,True
1457005,146093,A,1.0,1.0,True,True
1464661,146095,A,1.0,0.914,True,True
1439869,146096,A,1.0,1.0,True,True
309037,146098,A,1.0,0.909,True,True
121557,146102,A,1.0,1.0,True,True
1430929,146104,A,1.0,1.0,True,True
1415265,146108,A,1.0,0.889,True,True
1439870,146119,A,1.0,1.0,True,True
1055500,146122,A,1.0,1.0,True,True
1081899,146123,A,1.0,1.0,True,True
1123459,146127,A,1.0,1.0,True,True
743024,146130,A,1.0,1.0,True,True
1261321,146138,A,1.0,0.966,True,False
810518,146141,A,0.615,0.889,True,True
1137573,146143,A,1.0,1.0,True,True
1430015,146148,A,1.0,1.0,True,True
1113271,146149,A,0.684,1.0,True,True
933929,146153,A,1.0,0.923,True,True
1261338,146160,A,1.0,1.0,True,True
101461,146169,A,1.0,0.857,True,True
1005711,146171,A,1.0,1.0,True,True
1497767,146172,A,1.0,1.0,True,True
1093735,146177,A,1.0,1.0,True,True
186892,146178,A,0.83,0.978,True,True
1123092,146180,A,1.0,1.0,True,True
950179,146183,A,1.0,1.0,True,True
937143,146185,A,1.0,0.882,True,True
930160,146186,A,0.811,0.947,True,True
865984,146189,A,0.809,1.0,True,True
1032461,146191,A,1.0,0.867,True,True
978726,146193,A,1.0,1.0,True,True
1005379,146194,A,0.741,1.0,True,True
1177006,146197,A,1.0,0.897,True,True
1289595,146198,A,0.75,0.909,True,True
1429274,146201,A,1.0,1.0,True,True
1184653,14E177,A,1.0,1.0,True,True
1517104,14E306,A,1.0,1.0,True,True
309120,14E322,A,1.0,0.909,True,True
593423,14E392,A,1.0,1.0,True,True
560910,14E701,A,1.0,0.867,True,True
307581,14E888,A,1.0,0.909,True,True
682442,155003,A,1.0,1.0,True,True
1109671,155006,A,1.0,0.929,True,True
1497478,155019,A,1.0,0.938,True,True
1295191,155039,A,1.0,1.0,True,True
749424,155041,A,1.0,1.0,True,True
473713,155049,A,1.0,1.0,True,True
1295587,155053,A,1.0,1.0,True,True
1042324,155059,A,1.0,1.0,True,True
643101,155070,A,1.0,1.0,True,True
1274602,155073,A,1.0,1.0,True,True
1531261,155076,A,1.0,1.0,True,True
849528,155086,A,1.0,1.0,True,True
1508696,155094,A,1.0,1.0,True,True
1495441,155100,A,1.0,1.0,True,True
952740,155102,A,1.0,1.0,True,True
1531277,155109,A,1.0,1.0,True,True
1531259,155120,A,1.0,1.0,True,True
161994,155124,A,1.0,1.0,True,True
1035870,155128,A,1.0,1.0,True,True
120025,155131,A,1.0,1.0,True,True
413250,155133,A,1.0,1.0,True,True
1531276,155136,A,1.0,1.0,True,True
1531278,155137,A,1.0,1.0,True,True
1531262,155138,A,1.0,1.0,True,True
1093410,155150,A,1.0,1.0,True,True
1470458,155153,A,1.0,1.0,True,True
894492,155156,A,0.933,1.0,True,True
1531273,155157,A,1.0,1.0,True,True
70207,155173,A,1.0,1.0,True,True
1531264,155178,A,1.0,1.0,True,True
1465149,155183,A,1.0,1.0,True,False
1531272,155187,A,1.0,1.0,True,True
1400405,155188,A,1.0,0.952,True,True
1400406,155193,A,1.0,1.0,True,True
881093,155196,A,1.0,1.0,True,True
1530586,155207,A,1.0,1.0,True,True
1406025,155208,A,1.0,1.0,True,True
1468877,155209,A,1.0,1.0,True,True
135118,155217,A,1.0,1.0,True,True
1400402,155218,A,1.0,1.0,True,True
1515101,155219,A,1.0,1.0,True,True
1534709,155220,A,1.0,1.0,True,True
1400413,155222,A,1.0,1.0,True,True
929400,155223,A,1.0,1.0,True,True
161970,155232,A,1.0,1.0,True,True
165256,155234,A,1.0,0.875,True,True
613420,155235,A,0.684,1.0,True,True
969574,155236,A,1.0,1.0,True,True
143712,155242,A,1.0,1.0,True,True
1533047,155243,A,1.0,1.0,True,True
932941,155246,A,1.0,1.0,True,True
1512316,155247,A,1.0,0.941,True,False
1531260,155248,A,1.0,1.0,True,True
1308725,155251,A,1.0,1.0,True,True
1531281,155252,A,1.0,1.0,True,False
1506910,155254,A,1.0,0.857,True,True
883013,155258,A,1.0,1.0,True,True
1468852,155262,A,0.966,1.0,True,True
1531265,155264,A,1.0,1.0,True,True
1400431,155265,A,1.0,1.0,True,True
1092511,155266,A,1.0,1.0,True,True
1463104,155271,A,1.0,0.889,True,True
1400356,155272,A,1.0,1.0,True,True
1087372,155274,A,1.0,1.0,True,True
150674,155275,A,1.0,1.0,True,True
1531258,155278,A,1.0,1.0,True,True
1468881,155280,A,1.0,1.0,True,True
851028,155287,A,1.0,1.0,True,True
740281,155304,A,1.0,0.875,True,True
1400410,155312,A,1.0,0.914,True,True
1432091,155321,A,1.0,1.0,True,True
1426327,155324,A,1.0,1.0,True,True
884232,155327,A,1.0,0.955,True,True
1436693,155331,A,0.833,1.0,True,True
883623,155333,A,1.0,1.0,True,True
1400432,155334,A,1.0,1.0,True,True
723059,155335,A,1.0,1.0,True,True
1182698,155343,A,1.0,1.0,True,True
635167,155344,A,1.0,1.0,True,True
883658,155357,A,1.0,0.909,True,True
1519924,155358,A,1.0,1.0,True,True
145593,155361,A,1.0,1.0,True,True
1531269,155362,A,1.0,1.0,True,True
1531275,155367,A,1.0,1.0,True,True
381725,155370,A,1.0,1.0,True,True
1531271,155375,A,1.0,1.0,True,True
136743,155378,A,0.615,1.0,True,True
1283103,155379,A,0.783,1.0,True,True
883258,155381,A,1.0,1.0,True,False
1531268,155384,A,1.0,1.0,True,True
158759,155385,A,1.0,1.0,True,True
912613,155386,A,0.692,0.897,True,True
1434542,155389,A,1.0,0.857,True,True
1531279,155390,A,1.0,1.0,True,True
1072660,155409,A,1.0,1.0,True,True
883169,155412,A,1.0,1.0,True,True
1238608,155423,A,1.0,0.929,True,True
156580,155426,A,1.0,1.0,True,True
743386,155432,A,1.0,1.0,True,True
1469996,155443,A,1.0,1.0,True,True
1119572,155449,A,1.0,0.938,True,True
1494693,155455,A,1.0,1.0,True,True
140001,155474,A,1.0,1.0,True,True
823171,155477,A,1.0,1.0,True,True
1125542,155479,A,1.0,1.0,True,True
882307,155481,A,1.0,1.0,True,True
1018803,155482,A,1.0,1.0,True,True
203697,155483,A,1.0,1.0,True,True
1400427,155484,A,1.0,1.0,True,True
882929,155487,A,1.0,1.0,True,True
1400421,155488,A,1.0,1.0,True,True
1478130,155489,A,1.0,1.0,True,True
1515807,155491,A,1.0,1.0,True,True
150432,155493,A,1.0,1.0,True,True
1159742,155494,A,1.0,1.0,True,False
147549,155495,A,1.0,1.0,True,True
1400430,155496,A,1.0,1.0,True,True
447681,155506,A,0.69,1.0,True,True
1123112,155512,A,1.0,1.0,True,True
157726,155521,A,1.0,1.0,True,True
1506422,155523,A,1.0,0.941,True,True
160822,155526,A,1.0,1.0,True,True
160867,155527,A,1.0,1.0,True,True
1205956,155530,A,1.0,1.0,True,True
1279038,155532,A,1.0,1.0,True,True
165512,155535,A,1.0,1.0,True,True
1449394,155542,A,1.0,1.0,True,True
700726,155551,A,1.0,1.0,True,True
1101461,155556,A,1.0,1.0,True,True
114036,155564,A,0.963,1.0,True,True
1093540,155566,A,1.0,1.0,True,True
1496322,155570,A,1.0,1.0,True,False
1099098,155571,A,1.0,1.0,True,True
1453799,155573,A,1.0,1.0,True,True
135785,155574,A,0.963,0.914,True,True
63989,155578,A,1.0,1.0,True,True
1520770,155580,A,1.0,1.0,True,True
1019325,155581,A,1.0,1.0,True,True
1308532,155582,A,1.0,1.0,True,True
699785,155583,A,0.727,1.0,True,True
1492272,155587,A,1.0,1.0,True,True
73305,155589,A,1.0,1.0,True,True
922657,155600,A,1.0,1.0,True,True
1152734,155604,A,1.0,1.0,True,True
160177,155605,A,1.0,1.0,True,True
1559267,155611,A,1.0,1.0,True,True
883585,155614,A,1.0,1.0,True,True
1010180,155617,A,1.0,1.0,True,True
1463965,155618,A,1.0,1.0,True,True
1285152,155627,A,1.0,1.0,True,True
401545,155630,A,1.0,1.0,True,True
401561,155631,A,1.0,1.0,True,True
401562,155632,A,1.0,1.0,True,True
1534743,155637,A,0.88,1.0,True,True
1534652,155650,A,1.0,1.0,True,True
967539,155651,A,1.0,1.0,True,True
1534674,155653,A,1.0,1.0,True,True
745082,155654,A,1.0,1.0,True,True
1400408,155657,A,1.0,1.0,True,True
1400424,155659,A,1.0,1.0,True,True
748931,155660,A,1.0,1.0,True,True
1515449,155665,A,1.0,1.0,True,True
1505604,155666,A,1.0,1.0,True,True
1495189,155668,A,1.0,1.0,True,True
1512664,155670,A,1.0,1.0,True,True
147526,155671,A,1.0,1.0,True,True
150448,155674,A,1.0,1.0,True,True
882823,155677,A,1.0,1.0,True,True
150456,155678,A,1.0,1.0,True,True
147807,155680,A,1.0,1.0,True,True
213389,155681,A,1.0,1.0,True,True
147537,155682,A,1.0,1.0,True,True
1531263,155685,A,1.0,1.0,True,True
1531266,155686,A,1.0,1.0,True,False
1531270,155687,A,1.0,1.0,True,False
1515093,155689,A,0.882,1.0,True,True
883487,155691,A,1.0,1.0,True,True
145582,155696,A,1.0,1.0,True,True
150619,155698,A,1.0,1.0,True,True
1136720,155701,A,1.0,1.0,True,True
1437791,155702,A,1.0,1.0,True,True
882892,155703,A,1.0,1.0,True,True
1274558,155710,A,1.0,1.0,True,True
150461,155712,A,1.0,1.0,True,True
148222,155723,A,1.0,1.0,True,True
147729,155724,A,1.0,1.0,True,True
1079485,155726,A,1.0,1.0,True,True
148259,155727,A,1.0,1.0,True,True
1021592,155728,A,1.0,1.0,True,True
654756,155729,A,1.0,1.0,True,True
145568,155732,A,1.0,1.0,True,True
1078133,155733,A,1.0,1.0,True,True
147261,155734,A,1.0,1.0,True,True
150469,155735,A,1.0,1.0,True,True
147587,155736,A,1.0,1.0,True,True
1206409,155738,A,1.0,1.0,True,True
147405,155742,A,1.0,1.0,True,True
220057,155745,A,1.0,1.0,True,True
1098011,155746,A,1.0,1.0,True,True
654755,155747,A,1.0,1.0,True,True
148204,155753,A,1.0,1.0,True,True
1517786,155758,A,1.0,1.0,True,True
148199,155759,A,1.0,0.966,True,True
148152,155760,A,1.0,1.0,True,True
145615,155762,A,1.0,1.0,True,True
1534687,155764,A,0.88,1.0,True,True
145628,155767,A,1.0,1.0,True,True
145538,155769,A,1.0,1.0,True,True
1430456,155770,A,0.941,0.978,True,True
1508685,155772,A,1.0,1.0,True,True
147618,155775,A,1.0,1.0,True,False
147607,155777,A,1.0,1.0,True,True
147647,155779,A,1.0,1.0,True,True
148193,155782,A,1.0,1.0,True,True
147736,155783,A,1.0,1.0,True,True
148215,155785,A,1.0,1.0,True,True
148186,155789,A,1.0,1.0,True,True
1400363,155790,A,1.0,1.0,True,True
147764,155791,A,1.0,1.0,True,True
883214,155793,A,1.0,1.0,True,True
806000,155794,A,1.0,1.0,True,True
1508681,155795,A,1.0,1.0,True,True
148165,155797,A,1.0,1.0,True,True
1506991,155798,A,1.0,1.0,True,True
1436298,155799,A,1.0,1.0,True,True
1116553,155800,A,0.634,1.0,True,True
955115,155803,A,1.0,1.0,True,True
667773,155805,A,1.0,1.0,True,True
147558,155806,A,1.0,1.0,True,True
147697,155808,A,1.0,1.0,True,True
1517723,155810,A,1.0,0.933,True,True
147684,155811,A,1.0,1.0,True,True
148241,155812,A,1.0,1.0,True,True
158716,155814,A,1.0,1.0,True,True
1508684,155815,A,1.0,1.0,True,True
150440,155816,A,1.0,1.0,True,False
145643,155818,A,1.0,1.0,True,True
148172,155819,A,1.0,1.0,True,True
1515903,155820,A,0.933,1.0,True,True
147775,155822,A,1.0,1.0,True,True
1400425,155823,A,1.0,1.0,True,True
1508704,155824,A,1.0,1.0,True,True
1400392,155826,A,1.0,1.0,True,True
1193100,155827,A,1.0,1.0,True,True
147636,155829,A,1.0,1.0,True,True
146804,155830,A,1.0,1.0,True,False
1206349,155831,A,1.0,1.0,True,True
147675,155833,A,1.0,1.0,True,True
1531280,155834,A,1.0,1.0,True,True
1137270,155835,A,1.0,1.0,True,True
883034,155836,A,1.0,1.0,True,True
145605,155837,A,1.0,1.0,True,True
145774,155838,A,1.0,1.0,True,True
1145376,155840,A,1.0,1.0,True,True
882988,155841,A,1.0,1.0,True,True
1508699,155842,A,1.0,1.0,True,True
145679,155843,A,1.0,1.0,True,True
1277042,155844,A,1.0,1.0,True,True
147422,155849,A,1.0,1.0,True,True
943301,155850,A,1.0,1.0,True,True
150451,155851,A,1.0,1.0,True,True
147438,155852,A,1.0,0.889,True,True
150408,155854,A,1.0,1.0,True,True
160168,15A011,A,1.0,1.0,True,True
1447676,165006,A,1.0,1.0,True,True
1426932,165033,A,1.0,1.0,True,True
1393144,165034,A,1.0,0.875,True,True
939224,165110,A,1.0,1.0,True,True
1261999,165135,A,1.0,1.0,True,True
1518069,165145,A,1.0,1.0,True,True
950902,165146,A,1.0,1.0,True,True
1305130,165152,A,1.0,1.0,True,True
1524272,165156,A,1.0,1.0,True,True
120800,165157,A,1.0,1.0,True,True
681515,165158,A,1.0,1.0,True,True
1450766,165165,A,1.0,0.923,True,True
1398788,165174,A,1.0,1.0,True,False
1401223,165175,A,1.0,1.0,True,True
1450769,165180,A,1.0,1.0,True,True
1518128,165185,A,1.0,0.933,True,True
1528957,165186,A,0.778,0.882,True,True
1337878,165188,A,1.0,0.897,True,True
1450753,165193,A,1.0,1.0,True,True
1450750,165199,A,1.0,0.944,True,True
1447525,165204,A,1.0,1.0,True,True
1413603,165205,A,0.824,1.0,True,True
1523692,165208,A,1.0,1.0,True,True
1450777,165209,A,1.0,1.0,True,True
1450760,165214,A,1.0,1.0,True,True
1450761,165215,A,1.0,0.889,True,True
1474682,165220,A,1.0,1.0,True,True
1450749,165222,A,1.0,1.0,True,True
1450774,165223,A,1.0,1.0,True,True
1450744,165225,A,1.0,1.0,True,True
1450762,165226,A,1.0,1.0,True,True
1450752,165228,A,1.0,1.0,True,True
1401561,165235,A,1.0,0.909,True,True
1478028,165238,A,1.0,1.0,True,True
1498527,165241,A,1.0,0.957,True,True
1524293,165245,A,1.0,1.0,True,True
1450773,165251,A,1.0,1.0,True,True
1450770,165253,A,1.0,0.87,True,True
1338879,165261,A,1.0,1.0,True,True
913293,165266,A,1.0,1.0,True,True
1372987,165268,A,1.0,0.897,True,True
45339,165269,A,1.0,0.914,True,True
1450782,165271,A,1.0,1.0,True,False
1450767,165274,A,1.0,1.0,True,True
1428629,165275,A,1.0,0.897,True,True
1425848,165278,A,1.0,1.0,True,True
109647,165279,A,1.0,1.0,True,True
1503916,165280,A,1.0,1.0,True,True
1450747,165285,A,1.0,1.0,True,True
1450751,165287,A,1.0,1.0,True,True
1450740,165288,A,1.0,1.0,True,True
1450742,165292,A,1.0,0.88,True,True
1450776,165293,A,1.0,1.0,True,True
1441111,165301,A,1.0,0.88,True,True
1558508,165302,A,1.0,1.0,True,True
1301783,165303,A,0.889,1.0,True,True
1450781,165308,A,1.0,1.0,True,True
1431455,165309,A,1.0,1.0,True,True
1450756,165310,A,1.0,1.0,True,True
1527980,165311,A,1.0,1.0,True,True
1450755,165312,A,1.0,1.0,True,True
1450768,165313,A,1.0,1.0,True,True
1450754,165316,A,1.0,1.0,True,True
1276529,165320,A,1.0,1.0,True,True
1467617,165324,A,1.0,1.0,True,True
1305055,165325,A,1.0,1.0,True,True
1309760,165326,A,1.0,1.0,True,True
1450746,165330,A,1.0,0.889,True,True
1280085,165332,A,1.0,1.0,True,True
1303481,165333,A,1.0,0.96,True,True
1301779,165334,A,1.0,1.0,True,True
1273538,165336,A,1.0,0.909,True,True
1305139,165338,A,1.0,1.0,True,True
1305008,165340,A,1.0,1.0,True,True
1305012,165341,A,1.0,1.0,True,True
1301760,165342,A,1.0,1.0,True,True
1305016,165343,A,1.0,1.0,True,True
1450771,165345,A,1.0,1.0,True,True
1301756,165346,A,1.0,0.966,True,True
1303506,165347,A,1.0,1.0,True,True
1450743,165349,A,1.0,1.0,True,True
1301772,165352,A,1.0,1.0,True,True
1301758,165353,A,1.0,1.0,True,True
1301781,165354,A,1.0,1.0,True,True
1259851,165357,A,1.0,1.0,True,True
1531664,165358,A,1.0,1.0,True,True
1303500,165361,A,1.0,1.0,True,True
1524242,165362,A,1.0,1.0,True,True
1301765,165363,A,1.0,1.0,True,True
1301777,165364,A,1.0,0.963,True,True
1301767,165365,A,1.0,1.0,True,True
1303434,165366,A,1.0,1.0,True,True
1437051,165367,A,1.0,1.0,True,True
1302554,165369,A,1.0,1.0,True,True
1493959,165372,A,1.0,1.0,True,True
1252372,165374,A,1.0,1.0,True,True
925822,165379,A,1.0,0.917,True,True
1301761,165380,A,1.0,1.0,True,True
1441619,165381,A,1.0,1.0,True,True
1258913,165385,A,1.0,0.88,True,True
1301769,165386,A,1.0,1.0,True,True
63222,165396,A,1.0,1.0,True,True
198943,165406,A,1.0,0.909,True,True
1030232,165408,A,1.0,1.0,True,True
1305147,165411,A,1.0,0.947,True,True
1289279,165412,A,1.0,1.0,True,True
1172523,165414,A,1.0,1.0,True,True
1363214,165420,A,1.0,1.0,True,True
1021886,165423,A,1.0,1.0,True,True
1280113,165434,A,1.0,0.857,True,True
972443,165435,A,1.0,1.0,True,True
1434104,165437,A,1.0,1.0,True,True
1095534,165439,A,1.0,1.0,True,True
1097310,165440,A,1.0,1.0,True,True
197476,165448,A,1.0,1.0,True,True
1371197,165449,A,1.0,1.0,True,True
1464569,165450,A,1.0,1.0,True,True
1498807,165462,A,1.0,1.0,True,True
1295328,165465,A,1.0,1.0,True,True
1211464,165472,A,1.0,0.938,True,True
422549,165473,A,1.0,0.933,True,False
1275464,165474,A,1.0,0.917,True,True
806289,165475,A,1.0,1.0,True,True
252199,165476,A,1.0,1.0,True,True
1107993,165484,A,1.0,0.909,True,True
1198026,165487,A,1.0,1.0,True,True
955922,165491,A,1.0,0.87,True,True
930452,165495,A,1.0,0.889,True,True
45306,165503,A,1.0,1.0,True,True
1076826,165504,A,1.0,1.0,True,True
679087,165509,A,1.0,1.0,True,True
275854,165525,A,1.0,1.0,True,True
1446607,165528,A,1.0,1.0,True,True
272868,165530,A,1.0,1.0,True,True
972378,165532,A,0.64,1.0,True,True
1506872,165537,A,1.0,1.0,True,True
1088578,165538,A,1.0,1.0,True,True
910074,165545,A,1.0,1.0,True,True
923470,165547,A,1.0,1.0,True,True
209363,165569,A,1.0,1.0,True,True
1524254,165570,A,1.0,1.0,True,True
1427666,165575,A,1.0,1.0,True,True
1558644,165578,A,1.0,1.0,True,True
1436125,165579,A,1.0,1.0,True,True
1437464,165580,A,1.0,1.0,True,True
1269081,165601,A,1.0,1.0,True,True
1302560,165617,A,1.0,1.0,True,True
951301,165619,A,1.0,1.0,True,True
673179,165623,A,1.0,1.0,True,True
598450,165624,A,1.0,1.0,True,True
1338880,165792,A,1.0,1.0,True,True
1338883,165794,A,1.0,1.0,True,True
1026857,16A001,A,1.0,1.0,True,True
1498506,175008,A,1.0,0.9,True,True
1123109,175100,A,1.0,1.0,True,True
1442171,175114,A,1.0,1.0,True,True
1094245,175122,A,1.0,1.0,True,True
1442156,175133,A,1.0,1.0,True,True
1524517,175135,A,1.0,1.0,True,True
1498594,175141,A,1.0,1.0,True,True
628905,175157,A,1.0,0.87,True,True
1370845,175159,A,1.0,0.971,True,True
1498500,175162,A,1.0,0.923,True,True
1503963,175168,A,1.0,1.0,True,True
1479661,175175,A,1.0,0.933,True,True
1502736,175180,A,1.0,1.0,True,True
1170630,175182,A,1.0,1.0,True,True
949805,175184,A,1.0,1.0,True,True
1369925,175187,A,1.0,1.0,True,True
1449361,175201,A,1.0,1.0,True,True
959987,175202,A,1.0,1.0,True,True
997344,175205,A,1.0,1.0,True,True
1097810,175207,A,1.0,1.0,True,True
979355,175208,A,1.0,1.0,True,True
1442123,175214,A,1.0,1.0,True,True
1427272,175215,A,1.0,1.0,True,True
1295179,175219,A,1.0,1.0,True,True
967944,175220,A,1.0,1.0,True,True
1465597,175223,A,1.0,0.87,True,True
1522001,175224,A,1.0,1.0,True,True
1498685,175226,A,1.0,1.0,True,True
926635,175228,A,1.0,1.0,True,True
1456151,175229,A,1.0,1.0,True,True
1521998,175233,A,1.0,1.0,True,True
1442112,175235,A,1.0,1.0,True,True
1329888,175236,A,1.0,0.914,True,True
1442138,175239,A,1.0,1.0,True,True
1522006,175241,A,1.0,0.929,True,True
996920,175245,A,1.0,1.0,True,True
695441,175253,A,1.0,1.0,True,True
1522003,175256,A,1.0,0.857,True,True
1498381,175258,A,1.0,0.889,True,True
1498561,175264,A,1.0,1.0,True,True
1465607,175272,A,1.0,1.0,True,True
1450815,175273,A,1.0,0.903,True,True
1498609,175275,A,1.0,0.875,True,True
1522002,175276,A,1.0,0.88,True,True
1558806,175281,A,1.0,1.0,True,True
1425702,175282,A,1.0,1.0,True,True
1522007,175286,A,1.0,0.897,True,True
1521997,175287,A,1.0,1.0,True,True
1498658,175294,A,1.0,1.0,True,True
741303,175295,A,1.0,0.857,True,True
1390563,175298,A,1.0,1.0,True,True
1445208,175299,A,1.0,1.0,True,True
282308,175309,A,0.755,1.0,True,True
1325683,175315,A,1.0,1.0,True,True
943110,175317,A,1.0,1.0,True,True
1317203,175324,A,1.0,1.0,True,True
1479667,175327,A,1.0,1.0,True,True
1390576,175332,A,1.0,1.0,True,True
1317316,175337,A,1.0,1.0,True,True
955923,175353,A,1.0,0.889,True,True
1466645,175357,A,1.0,1.0,True,True
1498547,175363,A,1.0,1.0,True,True
500438,175369,A,1.0,1.0,True,True
1035271,175373,A,1.0,1.0,True,True
1493170,175376,A,1.0,1.0,True,True
1479669,175377,A,1.0,0.909,True,True
56516,175380,A,1.0,1.0,True,True
1464758,175399,A,1.0,0.87,True,True
669717,175407,A,1.0,1.0,True,True
925531,175409,A,1.0,1.0,True,True
1498644,175413,A,1.0,1.0,True,True
447610,175417,A,1.0,1.0,True,True
1467277,175418,A,1.0,1.0,True,True
56264,175419,A,1.0,0.857,True,True
1429290,175433,A,1.0,1.0,True,True
456264,175434,A,1.0,1.0,True,True
1322994,175437,A,1.0,1.0,True,True
695885,175439,A,1.0,1.0,True,True
800078,175444,A,1.0,1.0,True,True
1080824,175451,A,1.0,1.0,True,True
495875,175457,A,1.0,0.889,True,True
1479666,175459,A,1.0,1.0,True,True
1498618,175464,A,1.0,0.867,True,True
1337537,175466,A,1.0,1.0,True,True
1247500,175468,A,1.0,1.0,True,True
1522005,175470,A,1.0,1.0,True,True
1524294,175472,A,1.0,1.0,True,True
1169034,175478,A,1.0,1.0,True,True
945378,175488,A,1.0,0.889,True,True
1086328,175489,A,1.0,1.0,True,True
881390,175501,A,1.0,1.0,True,True
1498587,175502,A,1.0,1.0,True,True
1425930,175507,A,0.636,0.903,True,True
1522768,175511,A,1.0,1.0,True,True
165879,175521,A,1.0,0.872,True,True
1498669,175522,A,1.0,1.0,True,True
473228,175528,A,1.0,1.0,True,True
61898,175530,A,1.0,1.0,True,True
1369942,175531,A,1.0,1.0,True,True
880401,175532,A,1.0,1.0,True,False
1123110,175539,A,1.0,0.882,True,True
880775,175540,A,1.0,1.0,True,True
1534147,175542,A,1.0,1.0,True,True
1123111,175543,A,1.0,1.0,True,True
1522000,175545,A,1.0,0.889,True,True
1370028,175548,A,1.0,1.0,True,True
1390578,175550,A,1.0,1.0,True,True
1390349,175551,A,1.0,1.0,True,True
926864,175553,A,1.0,1.0,True,True
1524479,175555,A,1.0,1.0,True,True
1471114,175557,A,1.0,1.0,True,True
1370108,175558,A,1.0,1.0,True,True
1509777,175564,A,1.0,1.0,True,True
1071672,175565,A,1.0,1.0,True,True
1095942,175567,A,1.0,1.0,True,True
1270455,175568,A,1.0,0.917,True,True
521174,17E011,A,1.0,0.87,True,True
1276596,17E026,A,1.0,1.0,True,True
140777,17E034,A,1.0,1.0,True,True
315713,17E038,A,1.0,0.857,True,True
1274850,17E451,A,1.0,1.0,True,True
730872,17E585,A,1.0,1.0,True,True
1530287,185005,A,1.0,1.0,True,True
1062295,185015,A,1.0,1.0,True,True
1476306,185029,A,1.0,1.0,True,True
1358067,185046,A,1.0,1.0,True,True
158624,185057,A,1.0,1.0,True,True
1123495,185061,A,1.0,1.0,True,True
135862,185069,A,1.0,1.0,True,True
1020529,185076,A,1.0,1.0,True,True
1129010,185087,A,1.0,1.0,True,False
139985,185089,A,1.0,1.0,True,True
1467780,185090,A,1.0,1.0,True,True
1328335,185096,A,1.0,1.0,True,True
1080729,185103,A,1.0,1.0,True,True
136598,185120,A,0.643,1.0,True,True
213469,185132,A,1.0,1.0,True,True
803163,185133,A,1.0,0.889,True,True
1436131,185134,A,1.0,1.0,True,False
1100271,185138,A,1.0,1.0,True,True
140583,185141,A,1.0,1.0,True,True
1209297,185144,A,1.0,1.0,True,True
117289,185145,A,1.0,0.968,True,True
135260,185146,A,1.0,1.0,True,True
1155826,185148,A,1.0,1.0,True,True
136457,185151,A,1.0,1.0,True,True
555030,185152,A,1.0,1.0,True,True
890783,185155,A,1.0,1.0,True,True
676142,185164,A,1.0,1.0,True,True
909242,185166,A,1.0,1.0,True,True
1288984,185167,A,1.0,1.0,True,True
1443052,185170,A,1.0,0.867,True,True
1250614,185171,A,1.0,1.0,True,True
1048324,185173,A,1.0,1.0,True,True
1426080,185174,A,1.0,1.0,True,True
1207696,185177,A,1.0,1.0,True,True
136719,185180,A,0.727,1.0,True,True
1030145,185183,A,1.0,1.0,True,True
550443,185187,A,1.0,0.974,True,True
136185,185195,A,1.0,1.0,True,True
1444915,185197,A,1.0,1.0,True,True
1258942,185200,A,1.0,1.0,True,True
140067,185205,A,1.0,1.0,True,False
1102667,185207,A,1.0,1.0,True,True
136421,185209,A,1.0,1.0,True,True
117413,185210,A,1.0,1.0,True,True
143640,185211,A,0.698,0.867,True,True
735547,185213,A,1.0,0.857,True,True
1144932,185218,A,1.0,1.0,True,True
1475711,185221,A,1.0,1.0,True,True
1528870,185222,A,1.0,0.895,True,True
982326,185224,A,1.0,1.0,True,True
680720,185225,A,1.0,1.0,True,True
1503529,185227,A,1.0,1.0,True,True
1444515,185229,A,1.0,1.0,True,True
1463382,185230,A,1.0,0.968,True,True
806814,185237,A,1.0,1.0,True,True
888310,185240,A,1.0,1.0,True,True
1401239,185241,A,1.0,1.0,True,True
1440884,185243,A,1.0,1.0,True,True
136489,185246,A,1.0,1.0,True,True
1127093,185248,A,1.0,1.0,True,True
136617,185249,A,0.609,1.0,True,True
1192982,185250,A,1.0,1.0,True,True
572457,185252,A,1.0,1.0,True,True
70136,185254,A,1.0,1.0,True,True
567929,185258,A,1.0,1.0,True,True
566363,185259,A,1.0,1.0,True,True
1244802,185262,A,1.0,1.0,True,True
1463992,185264,A,1.0,1.0,True,True
1226719,185265,A,1.0,1.0,True,True
1087077,185266,A,1.0,1.0,True,True
1062005,185268,A,1.0,1.0,True,True
1337936,185269,A,1.0,1.0,True,True
1148833,185270,A,0.741,1.0,True,True
1220466,185271,A,1.0,1.0,True,True
1291912,185272,A,1.0,1.0,True,True
1163533,185273,A,1.0,1.0,True,True
140697,185275,A,1.0,0.968,True,True
136567,185277,A,0.63,1.0,True,True
1196464,185279,A,1.0,1.0,True,True
1090582,185283,A,1.0,1.0,True,True
1196837,185286,A,1.0,1.0,True,True
135573,185287,A,1.0,1.0,True,True
1271582,185290,A,1.0,1.0,True,True
1465188,185293,A,1.0,1.0,True,True
1428999,185294,A,1.0,1.0,True,True
1438706,185295,A,1.0,1.0,True,True
57671,185297,A,1.0,1.0,True,True
1438902,185298,A,1.0,1.0,True,True
1451297,185302,A,1.0,1.0,True,True
136332,185304,A,1.0,1.0,True,True
616601,185305,A,1.0,0.902,True,True
1062293,185309,A,1.0,1.0,True,True
1109058,185314,A,1.0,1.0,True,True
135134,185315,A,0.714,1.0,True,True
1205943,185316,A,1.0,0.88,True,True
1471422,185318,A,1.0,1.0,True,True
970171,185325,A,1.0,1.0,True,True
154943,185327,A,0.737,1.0,True,True
879938,185330,A,1.0,1.0,True,True
1452215,185331,A,1.0,1.0,True,False
1557989,185332,A,1.0,0.914,True,True
154932,185335,A,1.0,1.0,True,True
867065,185336,A,1.0,1.0,True,True
135679,185337,A,1.0,1.0,True,True
1143711,185339,A,1.0,1.0,True,True
140627,185340,A,1.0,1.0,True,True
1370058,185341,A,1.0,1.0,True,True
136549,185342,A,0.615,1.0,True,True
135629,185346,A,1.0,1.0,True,True
1117365,185348,A,1.0,1.0,True,True
136662,185349,A,0.698,1.0,True,True
140249,185350,A,1.0,1.0,True,True
1452123,185353,A,1.0,1.0,True,True
1275066,185354,A,1.0,0.917,True,True
1455819,185355,A,1.0,1.0,True,True
802417,185358,A,1.0,1.0,True,True
555504,185359,A,1.0,1.0,True,True
1502614,185362,A,1.0,1.0,True,True
880977,185363,A,1.0,1.0,True,True
990402,185366,A,1.0,1.0,True,False
1517678,185378,A,1.0,1.0,True,False
442072,185379,A,1.0,1.0,True,True
1212037,185382,A,1.0,1.0,True,True
814194,185383,A,1.0,1.0,True,True
1435479,185384,A,1.0,0.938,True,True
1537661,185389,A,1.0,1.0,True,True
1445912,185392,A,1.0,1.0,True,True
1445549,185399,A,1.0,1.0,True,True
1460231,185400,A,1.0,0.889,True,True
1282886,185401,A,1.0,1.0,True,True
566441,185402,A,1.0,1.0,True,True
135813,185408,A,1.0,0.963,True,True
1442518,185410,A,0.978,1.0,True,True
1539468,185414,A,1.0,1.0,True,True
1442952,185433,A,1.0,1.0,True,True
1258489,185434,A,1.0,1.0,True,False
1453034,185440,A,1.0,1.0,True,True
1102268,185442,A,1.0,1.0,True,True
1260559,185443,A,1.0,1.0,True,True
1531846,185444,A,1.0,1.0,True,True
1301808,185445,A,1.0,1.0,True,True
134936,185446,A,1.0,1.0,True,True
1274356,185447,A,1.0,1.0,True,True
1432971,185449,A,1.0,1.0,True,True
1479995,185451,A,1.0,0.957,True,True
1505182,185455,A,1.0,1.0,True,True
117308,185461,A,1.0,1.0,True,True
1508688,185462,A,1.0,1.0,True,True
1474227,185464,A,1.0,0.909,True,True
216249,185465,A,1.0,1.0,True,True
117401,185466,A,1.0,1.0,True,True
1467287,185468,A,1.0,0.941,True,True
802836,185469,A,1.0,1.0,True,True
117389,185470,A,1.0,1.0,True,True
433664,185471,A,0.952,1.0,True,True
433713,185472,A,0.938,1.0,True,True
117384,185474,A,1.0,1.0,True,False
135667,185476,A,1.0,1.0,True,True
150418,185478,A,1.0,1.0,True,True
367648,185482,A,1.0,0.947,True,True
461684,185483,A,1.0,1.0,True,True
1453033,185484,A,1.0,1.0,True,True
1508700,185485,A,1.0,1.0,True,True
1508690,185487,A,1.0,1.0,True,True
1036411,185488,A,1.0,1.0,True,True
886634,195156,A,1.0,1.0,True,True
1044721,195180,A,0.636,0.9,True,True
1295528,195184,A,1.0,1.0,True,True
1447948,195204,A,1.0,1.0,True,True
1535036,195210,A,1.0,0.884,True,True
954917,195220,A,1.0,1.0,True,True
262027,195248,A,1.0,1.0,True,True
1470192,195249,A,1.0,1.0,True,True
65875,195257,A,1.0,1.0,True,True
1021359,195258,A,1.0,1.0,True,True
162501,195265,A,1.0,0.889,True,True
1278415,195272,A,1.0,1.0,True,True
436310,195275,A,1.0,1.0,True,True
930828,195281,A,1.0,1.0,True,True
1493232,195301,A,1.0,1.0,True,True
1493993,195302,A,1.0,1.0,True,True
1252095,195303,A,1.0,1.0,True,True
1268429,195304,A,1.0,1.0,True,True
959753,195310,A,1.0,0.909,True,True
1466149,195312,A,1.0,1.0,True,True
577010,195314,A,1.0,1.0,True,True
865814,195316,A,1.0,1.0,True,True
1256712,195318,A,1.0,1.0,True,True
417720,195321,A,0.737,0.864,True,True
1295660,195326,A,1.0,1.0,True,True
1071891,195328,A,1.0,1.0,True,True
1467333,195336,A,1.0,1.0,True,True
235845,195342,A,1.0,1.0,True,True
1491575,195349,A,1.0,1.0,True,True
1248747,195350,A,1.0,1.0,True,True
1322844,195359,A,1.0,1.0,True,True
1493125,195361,A,1.0,1.0,True,True
1076084,195362,A,1.0,1.0,True,True
1494103,195363,A,1.0,1.0,True,True
950022,195369,A,1.0,1.0,True,True
1086232,195373,A,1.0,1.0,True,True
1208861,195376,A,1.0,1.0,True,True
1275734,195380,A,1.0,1.0,True,True
1220670,195382,A,0.927,1.0,True,True
48035,195389,A,1.0,0.857,True,True
261054,195390,A,1.0,1.0,True,True
1523480,195392,A,0.783,1.0,True,True
472409,195393,A,1.0,1.0,True,True
650463,195394,A,1.0,1.0,True,True
1104868,195398,A,1.0,1.0,True,True
1499309,195399,A,1.0,1.0,True,True
1075081,195401,A,1.0,0.895,True,True
894419,195404,A,1.0,1.0,True,True
345129,195408,A,1.0,1.0,True,True
258880,195413,A,1.0,1.0,True,True
553111,195416,A,1.0,1.0,True,True
547357,195424,A,1.0,1.0,True,True
1316736,195426,A,1.0,1.0,True,True
1252827,195430,A,1.0,1.0,True,True
1432687,195431,A,1.0,1.0,True,True
1455091,195438,A,1.0,1.0,True,True
1499305,195439,A,1.0,1.0,True,True
1123365,195442,A,1.0,1.0,True,True
1432024,195443,A,0.762,1.0,True,True
553153,195445,A,1.0,1.0,True,True
553156,195446,A,1.0,1.0,True,True
1093061,195449,A,0.783,1.0,True,True
262692,195452,A,1.0,1.0,True,True
891474,195459,A,1.0,1.0,True,True
1074201,195460,A,1.0,1.0,True,True
1279233,195463,A,1.0,1.0,True,True
1437798,195464,A,1.0,1.0,True,True
1074210,195471,A,1.0,1.0,True,True
935072,195472,A,1.0,1.0,True,True
422085,195473,A,1.0,1.0,True,True
998796,195476,A,1.0,1.0,True,True
1101661,195481,A,1.0,1.0,True,True
797844,195482,A,1.0,1.0,True,True
995529,195483,A,1.0,1.0,True,True
906396,195486,A,1.0,1.0,True,True
1449327,195488,A,1.0,0.897,True,True
1081501,195491,A,0.667,1.0,True,True
553090,195493,A,1.0,0.929,True,True
131358,195496,A,1.0,1.0,True,True
1190155,195497,A,1.0,1.0,True,True
553163,195499,A,1.0,1.0,True,True
1494058,195500,A,1.0,1.0,True,True
593731,195501,A,1.0,1.0,True,True
1400088,195502,A,1.0,0.897,True,True
109726,195507,A,1.0,1.0,True,True
1529810,195509,A,1.0,0.857,True,True
1449337,195512,A,1.0,1.0,True,True
810219,195513,A,1.0,1.0,True,False
1448474,195515,A,1.0,1.0,True,False
735936,195519,A,1.0,1.0,True,True
593713,195524,A,1.0,0.889,True,True
553143,195525,A,1.0,1.0,True,True
42399,195526,A,1.0,1.0,True,True
553144,195527,A,1.0,0.903,True,True
1494022,195528,A,1.0,1.0,True,True
1084556,195529,A,1.0,1.0,True,True
48337,195531,A,1.0,1.0,True,True
903458,195532,A,1.0,1.0,True,True
1314521,195533,A,1.0,0.88,True,True
553082,195535,A,1.0,0.944,True,True
920414,195536,A,1.0,1.0,True,True
1083524,195537,A,1.0,1.0,True,True
1096251,195538,A,1.0,0.944,True,True
553107,195539,A,1.0,0.897,True,True
1269254,195541,A,1.0,1.0,True,True
1093901,195544,A,1.0,1.0,True,True
1447705,195550,A,1.0,0.941,True,True
553140,195555,A,1.0,1.0,True,True
553085,195556,A,1.0,1.0,True,True
489873,195558,A,1.0,0.97,True,True
553154,195559,A,1.0,1.0,True,True
1173712,195560,A,1.0,1.0,True,True
1074578,195561,A,1.0,1.0,True,True
995824,195563,A,1.0,1.0,True,True
280297,195567,A,1.0,1.0,True,True
1280016,195568,A,1.0,1.0,True,True
921002,195573,A,0.667,1.0,True,True
1289417,195575,A,1.0,1.0,True,True
223025,195583,A,1.0,1.0,True,True
1446171,195588,A,0.791,1.0,True,True
1529743,195589,A,1.0,1.0,True,True
925154,195592,A,1.0,1.0,True,True
263850,195593,A,1.0,1.0,True,True
635902,195594,A,1.0,1.0,True,True
281999,195596,A,1.0,1.0,True,True
641842,195600,A,1.0,1.0,True,True
964124,195604,A,0.762,1.0,True,True
421927,195605,A,1.0,1.0,True,True
294624,195611,A,1.0,1.0,True,True
1448417,195615,A,1.0,1.0,True,True
717879,195620,A,1.0,1.0,True,True
917632,195624,A,1.0,1.0,True,True
88142,195630,A,1.0,0.878,True,True
46318,195633,A,1.0,1.0,True,True
1074598,195635,A,1.0,1.0,True,True
57342,195637,A,1.0,1.0,True,True
1421634,195644,A,1.0,0.923,True,True
456784,205004,A,1.0,1.0,True,True
364006,205011,A,1.0,1.0,True,True
920532,205012,A,1.0,1.0,True,True
1471804,205031,A,1.0,1.0,True,True
143279,205052,A,1.0,1.0,True,True
1114651,205053,A,1.0,1.0,True,True
83311,205054,A,1.0,1.0,True,True
1464349,205060,A,1.0,1.0,True,True
1557828,205062,A,1.0,1.0,True,True
1514465,205063,A,1.0,1.0,True,True
456836,205064,A,1.0,1.0,True,True
1473896,205068,A,1.0,1.0,True,True
1498566,205069,A,1.0,1.0,True,True
78185,205070,A,1.0,1.0,True,True
1506841,205072,A,1.0,1.0,True,True
463562,205074,A,1.0,1.0,True,True
143272,205076,A,1.0,1.0,True,True
1491610,205077,A,1.0,1.0,True,True
1330710,205079,A,1.0,1.0,True,True
143285,205090,A,1.0,1.0,True,True
1471183,205091,A,1.0,1.0,True,True
736074,205097,A,1.0,1.0,True,True
456752,205098,A,1.0,1.0,True,True
1444392,205099,A,1.0,1.0,True,True
457034,205103,A,1.0,1.0,True,True
1450437,205108,A,1.0,1.0,True,True
463073,205109,A,1.0,1.0,True,True
839576,205114,A,1.0,1.0,True,True
456509,205115,A,1.0,1.0,True,True
456956,205116,A,1.0,1.0,True,True
1478298,205117,A,1.0,1.0,True,True
1463559,205122,A,1.0,1.0,True,True
1159872,205124,A,1.0,1.0,True,True
473820,205127,A,1.0,1.0,True,True
143271,205128,A,1.0,1.0,True,True
143265,205131,A,1.0,1.0,True,True
1291298,205134,A,1.0,1.0,True,True
143283,205136,A,1.0,1.0,True,True
1437442,205138,A,1.0,1.0,True,True
77987,205139,A,1.0,1.0,True,True
1427731,205146,A,1.0,1.0,True,True
456767,205149,A,1.0,1.0,True,True
457016,205154,A,1.0,1.0,True,True
893146,205157,A,1.0,1.0,True,True
1494304,205159,A,1.0,1.0,True,True
1517658,205166,A,1.0,1.0,True,True
143276,205168,A,1.0,1.0,True,True
143280,205174,A,1.0,1.0,True,True
1493135,205180,A,1.0,1.0,True,True
426990,205184,A,0.939,1.0,True,True
1502562,215005,A,1.0,1.0,True,True
1494023,215015,A,1.0,1.0,True,True
1399023,215020,A,1.0,1.0,True,True
1534801,215025,A,1.0,1.0,True,True
1120376,215026,A,1.0,1.0,True,True
292010,215037,A,1.0,0.87,True,True
422117,215039,A,1.0,0.929,True,True
1467836,215048,A,1.0,1.0,True,True
1190052,215052,A,1.0,1.0,True,True
1399020,215055,A,1.0,1.0,True,True
1104638,215064,A,1.0,1.0,True,True
1300160,215067,A,1.0,1.0,True,True
413671,215069,A,1.0,1.0,True,True
1469491,215073,A,1.0,1.0,True,True
1475338,215088,A,1.0,1.0,True,True
554511,215092,A,1.0,1.0,True,True
1399034,215094,A,1.0,0.895,True,True
1488999,215096,A,1.0,1.0,True,True
960588,215105,A,0.941,1.0,True,True
1457430,215106,A,1.0,0.97,True,True
1470045,215108,A,0.968,1.0,True,True
1399028,215111,A,1.0,1.0,True,True
1208259,215112,A,1.0,1.0,True,True
1537469,215114,A,1.0,1.0,True,True
1465321,215115,A,1.0,1.0,True,True
714613,215117,A,1.0,1.0,True,True
1137985,215118,A,0.78,1.0,True,True
1455636,215121,A,1.0,1.0,True,True
292101,215126,A,1.0,1.0,True,True
1137887,215128,A,1.0,1.0,True,True
868716,215135,A,1.0,1.0,True,True
1399029,215138,A,0.645,1.0,True,True
955873,215142,A,1.0,1.0,True,True
970768,215143,A,1.0,1.0,True,True
1220427,215145,A,1.0,1.0,True,True
1399024,215146,A,0.8,1.0,True,True
1137447,215147,A,0.773,1.0,True,True
1264776,215149,A,1.0,1.0,True,False
355520,215154,A,1.0,0.917,True,True
1399021,215160,A,1.0,1.0,True,True
1120386,215164,A,1.0,1.0,True,True
1120349,215168,A,1.0,1.0,True,True
1137728,215176,A,1.0,1.0,True,True
1399022,215183,A,1.0,1.0,True,True
1221549,215189,A,1.0,1.0,True,True
1137849,215192,A,0.741,1.0,True,True
1322181,215193,A,1.0,1.0,True,True
1326445,215198,A,1.0,1.0,True,True
1399026,215204,A,1.0,1.0,True,True
1138149,215207,A,1.0,1.0,True,True
1468681,215216,A,1.0,1.0,True,True
320851,215217,A,1.0,1.0,True,True
1138073,215219,A,1.0,1.0,True,True
1137140,215220,A,1.0,1.0,True,True
1471369,215227,A,1.0,1.0,True,True
1185747,215230,A,1.0,0.966,True,True
800601,215232,A,1.0,1.0,True,True
860125,215236,A,1.0,1.0,True,True
859714,215240,A,1.0,0.944,True,True
1138118,215241,A,0.762,1.0,True,True
1169588,215244,A,1.0,0.927,True,True
1201650,215247,A,1.0,1.0,True,True
418816,215250,A,1.0,1.0,True,True
1188309,215252,A,1.0,1.0,True,True
1097158,215262,A,1.0,1.0,True,True
1495438,215264,A,1.0,1.0,True,True
1419701,215265,A,1.0,1.0,True,True
1109610,215269,A,1.0,1.0,True,True
1138165,215271,A,1.0,0.97,True,True
1399033,215297,A,1.0,1.0,True,True
279202,215299,A,1.0,0.903,True,True
1204573,215312,A,1.0,0.97,True,True
1023088,215315,A,1.0,1.0,True,True
1006342,215320,A,1.0,1.0,True,True
1109465,215323,A,1.0,1.0,True,True
1138025,215324,A,1.0,1.0,True,True
1138155,215328,A,0.696,1.0,True,True
1110644,215331,A,1.0,1.0,True,True
1399025,215336,A,1.0,1.0,True,True
921200,215337,A,1.0,1.0,True,True
1399015,215339,A,1.0,1.0,True,True
1399017,215340,A,1.0,1.0,True,True
1142955,215341,A,0.71,0.968,True,True
1399030,215346,A,1.0,1.0,True,True
413585,215347,A,1.0,1.0,True,False
1236642,215348,A,1.0,1.0,True,True
1539740,215350,A,1.0,1.0,True,True
1436154,215351,A,1.0,0.973,True,True
1507569,215355,A,1.0,1.0,True,True
1479325,215357,A,1.0,1.0,True,True
1477466,215359,A,1.0,1.0,True,True
1508258,215365,A,1.0,1.0,True,True
1103855,225014,A,1.0,1.0,True,True
1137206,225038,A,1.0,1.0,True,True
1196121,225054,A,1.0,1.0,True,True
1517175,225058,A,1.0,1.0,True,True
279142,225133,A,1.0,1.0,True,True
1139725,225134,A,1.0,1.0,True,True
1178146,225173,A,1.0,1.0,True,True
1083024,225176,A,1.0,1.0,True,True
552672,225179,A,1.0,1.0,True,True
279198,225184,A,1.0,1.0,True,True
275999,225194,A,1.0,1.0,True,True
1270244,225208,A,1.0,1.0,True,True
279196,225210,A,1.0,0.923,True,True
814865,225219,A,0.7,1.0,True,True
1455279,225222,A,1.0,0.875,True,False
279153,225223,A,1.0,1.0,True,True
1245076,225224,A,1.0,1.0,True,True
1477280,225227,A,1.0,1.0,True,True
1558276,225232,A,0.867,1.0,True,True
981031,225233,A,0.75,1.0,True,True
1245075,225236,A,1.0,1.0,True,True
1083506,225253,A,1.0,1.0,True,True
1245082,225257,A,1.0,1.0,True,True
1425587,225259,A,1.0,1.0,True,True
1537516,225264,A,1.0,1.0,True,True
1197383,225266,A,1.0,1.0,True,True
1245080,225268,A,1.0,1.0,True,True
1245072,225270,A,1.0,1.0,True,True
1447583,225273,A,1.0,1.0,True,True
949700,225275,A,0.919,1.0,True,True
694033,225279,A,0.762,1.0,True,True
1069696,225286,A,1.0,1.0,True,True
1245073,225288,A,1.0,1.0,True,True
1079313,225294,A,1.0,1.0,True,True
1507270,225295,A,1.0,1.0,True,True
1296854,225297,A,1.0,1.0,True,True
1245084,225299,A,1.0,1.0,True,True
1277346,225300,A,1.0,1.0,True,True
1458044,225306,A,1.0,1.0,True,True
808200,225309,A,1.0,1.0,True,True
1399074,225315,A,1.0,1.0,True,True
1245263,225323,A,0.846,1.0,True,True
1420346,225330,A,1.0,1.0,True,True
279158,225333,A,1.0,1.0,True,True
1298996,225334,A,1.0,1.0,True,True
1558373,225335,A,1.0,1.0,True,True
1449850,225339,A,1.0,1.0,True,True
1007425,225344,A,1.0,1.0,True,True
120790,225352,A,1.0,1.0,True,True
1245083,225356,A,1.0,0.947,True,True
1530062,225369,A,1.0,0.933,True,True
279159,225370,A,1.0,1.0,True,True
1414116,225376,A,1.0,1.0,True,True
1252352,225379,A,1.0,1.0,True,True
972675,225383,A,1.0,1.0,True,True
735080,225385,A,1.0,1.0,True,True
1518121,225386,A,1.0,1.0,True,True
1333842,225387,A,1.0,1.0,True,True
136502,225389,A,1.0,1.0,True,True
1470955,225392,A,1.0,1.0,True,True
1007386,225398,A,1.0,1.0,True,True
1428988,225403,A,0.667,1.0,True,True
972145,225404,A,0.698,1.0,True,True
881430,225417,A,1.0,1.0,True,True
1537806,225421,A,1.0,1.0,True,True
858248,225434,A,1.0,1.0,True,True
557630,225436,A,1.0,1.0,True,True
279156,225437,A,1.0,1.0,True,False
1213684,225438,A,0.824,1.0,True,True
1508167,225448,A,1.0,1.0,True,True
1281325,225451,A,1.0,1.0,True,True
941742,225452,A,1.0,1.0,True,True
1518045,225455,A,1.0,1.0,True,True
1445883,225458,A,1.0,1.0,True,True
923842,225459,A,1.0,1.0,True,True
1063694,225467,A,1.0,1.0,True,True
876985,225472,A,1.0,1.0,True,True
952058,225475,A,1.0,1.0,True,True
1123927,225476,A,1.0,1.0,True,True
1029723,225480,A,1.0,1.0,True,True
392568,225483,A,1.0,1.0,True,True
1177777,225485,A,0.732,1.0,True,True
1413968,225491,A,1.0,1.0,True,True
1520641,225493,A,1.0,1.0,True,True
1280897,225494,A,1.0,1.0,True,True
1090272,225497,A,1.0,1.0,True,True
1462986,225499,A,0.75,1.0,True,True
1179793,225500,A,1.0,1.0,True,True
167664,225503,A,1.0,1.0,True,True
1245089,225504,A,1.0,1.0,True,True
1508216,225508,A,1.0,1.0,True,True
1245060,225509,A,1.0,1.0,True,False
1430741,225510,A,1.0,1.0,True,True
1264767,225511,A,1.0,1.0,True,True
949720,225513,A,0.679,1.0,True,True
691140,225514,A,1.0,1.0,True,True
1462595,225518,A,1.0,1.0,True,True
1558280,225522,A,1.0,1.0,True,True
917548,225525,A,1.0,1.0,True,True
1460215,225530,A,1.0,1.0,True,True
1131275,225531,A,1.0,1.0,True,True
1096108,225532,A,1.0,1.0,True,True
1462228,225535,A,1.0,1.0,True,False
806666,225538,A,0.963,1.0,True,True
877229,225540,A,1.0,1.0,True,True
1042102,225543,A,1.0,1.0,True,True
284313,225547,A,1.0,1.0,True,True
43635,225555,A,1.0,1.0,True,True
279179,225556,A,1.0,1.0,True,True
1507566,225557,A,1.0,1.0,True,True
1471854,225558,A,0.667,1.0,True,True
1145847,225567,A,1.0,1.0,True,True
1296853,225568,A,1.0,1.0,True,True
1292357,225589,A,1.0,1.0,True,True
1507789,225603,A,1.0,1.0,True,True
1245086,225634,A,0.857,1.0,True,True
1208125,225644,A,1.0,1.0,True,True
1126798,225648,A,1.0,1.0,True,True
1245079,225650,A,1.0,1.0,True,True
1280322,225651,A,1.0,1.0,True,False
1347369,225653,A,1.0,1.0,True,True
910576,225655,A,1.0,1.0,True,True
1301918,225656,A,1.0,1.0,True,True
1153345,225661,A,1.0,1.0,True,True
1477172,225662,A,1.0,1.0,True,True
1245071,225663,A,1.0,1.0,True,True
562274,225666,A,1.0,1.0,True,True
1296851,225667,A,1.0,1.0,True,True
981758,225680,A,1.0,1.0,True,True
1477866,225687,A,1.0,1.0,True,True
1042521,225689,A,1.0,1.0,True,True
1507198,225690,A,1.0,1.0,True,True
813523,225710,A,0.667,1.0,True,True
877226,225718,A,1.0,0.963,True,True
1245078,225720,A,1.0,1.0,True,True
949739,225727,A,1.0,1.0,True,True
1410690,225732,A,0.762,1.0,True,True
321073,225738,A,0.605,1.0,True,True
936946,225743,A,1.0,1.0,True,True
1251174,225747,A,1.0,1.0,True,True
1446859,225750,A,1.0,1.0,True,True
413794,225763,A,1.0,1.0,True,True
694262,225769,A,1.0,1.0,True,True
1450736,225770,A,1.0,1.0,True,True
1281313,225775,A,1.0,0.97,True,True
1427562,225786,A,1.0,1.0,True,True
132078,235002,A,1.0,1.0,True,True
1437472,235004,A,0.97,1.0,True,True
1458723,235009,A,1.0,1.0,True,True
937534,235011,A,1.0,1.0,True,True
1337947,235013,A,1.0,1.0,True,True
1356301,235014,A,1.0,0.944,True,True
1519659,235016,A,1.0,1.0,True,True
1493133,235019,A,1.0,1.0,True,True
1337963,235021,A,1.0,1.0,True,True
129111,235022,A,1.0,0.889,True,True
1186097,235026,A,1.0,1.0,True,True
134648,235031,A,1.0,0.933,True,True
1438412,235032,A,1.0,1.0,True,True
650176,235033,A,1.0,1.0,True,True
1520959,235036,A,1.0,1.0,True,True
78765,235037,A,1.0,1.0,True,True
912056,235038,A,1.0,0.909,True,True
1445953,235054,A,1.0,0.897,True,False
1430337,235056,A,1.0,1.0,True,True
1533851,235057,A,1.0,1.0,True,True
1082809,235058,A,1.0,1.0,True,True
120221,235062,A,1.0,1.0,True,True
170064,235065,A,1.0,0.978,True,True
932491,235067,A,1.0,1.0,True,True
1422801,235089,A,1.0,1.0,True,True
1430354,235094,A,1.0,1.0,True,True
1177272,235102,A,1.0,0.889,True,True
1433554,235103,A,1.0,0.9,True,True
1261916,235113,A,1.0,1.0,True,True
160878,235123,A,1.0,1.0,True,True
1517697,235132,A,1.0,1.0,True,True
1522628,235139,A,1.0,1.0,True,True
981441,235155,A,1.0,1.0,True,True
1351456,235174,A,1.0,1.0,True,True
129227,235175,A,1.0,0.897,True,True
1519629,235176,A,1.0,1.0,True,True
1519618,235177,A,1.0,0.929,True,True
215446,235182,A,1.0,1.0,True,True
1521505,235184,A,1.0,1.0,True,True
1464633,235206,A,1.0,1.0,True,True
1436237,235207,A,1.0,1.0,True,True
402225,235209,A,1.0,1.0,True,True
1472707,235214,A,0.737,0.87,True,True
1516890,235224,A,1.0,1.0,True,False
1519617,235225,A,1.0,1.0,True,True
129237,235226,A,1.0,1.0,True,True
664899,235228,A,1.0,0.974,True,True
1257171,235232,A,1.0,1.0,True,True
235070,235237,A,1.0,1.0,True,True
402223,235243,A,0.818,1.0,True,True
1519612,235245,A,1.0,1.0,True,True
1418559,235249,A,1.0,1.0,True,True
1519653,235253,A,1.0,1.0,True,True
860416,235256,A,1.0,1.0,True,True
1519635,235260,A,1.0,0.914,True,True
1469471,235262,A,1.0,1.0,True,True
131366,235263,A,1.0,1.0,True,True
1519657,235264,A,1.0,1.0,True,True
1445495,235267,A,1.0,1.0,True,False
1358372,235270,A,1.0,0.889,True,True
739198,235279,A,1.0,1.0,True,True
402220,235280,A,1.0,1.0,True,True
129113,235283,A,1.0,1.0,True,True
131297,235284,A,1.0,1.0,True,True
131280,235285,A,1.0,1.0,True,True
129102,235286,A,1.0,1.0,True,True
1526226,235287,A,1.0,1.0,True,True
1511522,235288,A,1.0,0.889,True,True
1358252,235289,A,1.0,1.0,True,True
402229,235292,A,1.0,0.875,True,True
129118,235293,A,1.0,1.0,True,True
131357,235296,A,1.0,1.0,True,True
1177285,235298,A,1.0,1.0,True,True
1519647,235299,A,1.0,1.0,True,False
131373,235300,A,1.0,1.0,True,True
1519649,235302,A,1.0,1.0,True,True
1347679,235310,A,1.0,1.0,True,True
1519654,235313,A,1.0,1.0,True,True
1519634,235319,A,1.0,1.0,True,True
1077891,235320,A,1.0,1.0,True,False
1531799,235321,A,1.0,0.933,True,True
1177117,235325,A,1.0,1.0,True,True
1519652,235327,A,1.0,0.903,True,True
131284,235330,A,1.0,0.9,True,True
131270,235331,A,1.0,0.9,True,True
1177358,235332,A,1.0,0.903,True,True
1177048,235333,A,1.0,0.919,True,True
1337999,235335,A,1.0,1.0,True,True
402232,235336,A,1.0,0.944,True,True
1467195,235347,A,1.0,1.0,True,True
402222,235350,A,1.0,0.857,True,True
1466569,235351,A,1.0,1.0,True,True
402219,235356,A,1.0,1.0,True,False
402226,235358,A,1.0,1.0,True,True
432666,235359,A,1.0,1.0,True,True
1520856,235361,A,1.0,1.0,True,True
1466515,235365,A,1.0,0.897,True,True
69850,235367,A,1.0,1.0,True,True
1457063,235369,A,0.6,1.0,True,True
131360,235370,A,1.0,0.941,True,True
131381,235371,A,1.0,1.0,True,True
989286,235373,A,0.857,1.0,True,True
885282,235375,A,1.0,1.0,True,True
1447302,235376,A,1.0,1.0,True,False
402231,235379,A,1.0,1.0,True,False
1177164,235380,A,1.0,1.0,True,True
1048933,235382,A,1.0,1.0,True,True
1177332,235383,A,1.0,0.88,True,True
1519655,235385,A,1.0,1.0,True,True
1434286,235388,A,1.0,1.0,True,True
1177190,235396,A,1.0,1.0,True,True
131319,235399,A,1.0,1.0,True,True
1177102,235402,A,1.0,1.0,True,True
1472705,235405,A,0.737,1.0,True,True
1519643,235408,A,1.0,1.0,True,True
402227,235410,A,1.0,1.0,True,True
1534555,235411,A,1.0,0.882,True,True
1177230,235412,A,1.0,0.889,True,True
1177258,235414,A,1.0,0.889,True,True
131363,235416,A,1.0,1.0,True,True
131316,235421,A,1.0,0.903,True,True
1519628,235422,A,1.0,0.867,True,True
131233,235423,A,1.0,1.0,True,True
1289837,235427,A,1.0,1.0,True,True
1177202,235429,A,1.0,1.0,True,True
321100,235430,A,1.0,1.0,True,True
1328956,235432,A,1.0,1.0,True,True
1519610,235438,A,1.0,0.938,True,True
1436353,235441,A,1.0,0.88,True,True
1519609,235446,A,1.0,1.0,True,True
1337710,235450,A,1.0,1.0,True,True
116424,235451,A,1.0,1.0,True,True
1519638,235452,A,1.0,1.0,True,True
566792,235453,A,1.0,0.933,True,True
1519615,235456,A,1.0,1.0,True,True
1442832,235459,A,0.714,1.0,True,True
1527542,235461,A,1.0,1.0,True,True
1177215,235463,A,1.0,1.0,True,True
1310016,235464,A,1.0,0.941,True,True
1444975,235467,A,1.0,1.0,True,True
734859,235477,A,1.0,1.0,True,True
1519632,235479,A,1.0,1.0,True,True
1451401,235480,A,1.0,1.0,True,True
595996,235481,A,1.0,0.857,True,True
1519616,235482,A,1.0,1.0,True,True
1519651,235483,A,1.0,1.0,True,True
734918,235484,A,1.0,1.0,True,True
955529,235485,A,1.0,1.0,True,True
131324,235486,A,1.0,1.0,True,True
1177132,235489,A,1.0,1.0,True,False
1447671,235491,A,1.0,1.0,True,True
1519641,235492,A,1.0,0.857,True,True
131288,235495,A,1.0,1.0,True,True
1519611,235498,A,1.0,1.0,True,True
1019678,235499,A,1.0,1.0,True,True
1519623,235500,A,1.0,0.88,True,True
1177144,235503,A,1.0,0.897,True,True
1106649,235504,A,1.0,1.0,True,True
1419704,235506,A,1.0,1.0,True,True
131314,235507,A,1.0,1.0,True,True
1519644,235508,A,1.0,1.0,True,True
1465655,235509,A,1.0,1.0,True,False
1468162,235511,A,1.0,1.0,True,True
1519650,235513,A,1.0,1.0,True,True
1177296,235514,A,1.0,1.0,True,False
1519621,235515,A,1.0,1.0,True,True
129075,235517,A,1.0,1.0,True,True
1115329,235518,A,1.0,1.0,True,True
1175384,235520,A,1.0,1.0,True,False
1311265,235521,A,1.0,1.0,True,True
1338515,235522,A,1.0,1.0,True,True
1338101,235525,A,1.0,1.0,True,True
1519645,235529,A,1.0,0.919,True,True
1113494,235530,A,1.0,0.947,True,True
1357802,235535,A,1.0,1.0,True,True
131436,235541,A,1.0,1.0,True,True
131374,235542,A,1.0,1.0,True,True
1329564,235543,A,1.0,1.0,True,True
1519637,235545,A,1.0,1.0,True,True
1339032,235549,A,1.0,0.882,True,True
402228,235553,A,1.0,1.0,True,True
1460067,235555,A,1.0,1.0,True,True
1519658,235561,A,1.0,0.897,True,True
131306,235563,A,1.0,1.0,True,True
1359027,235565,A,1.0,1.0,True,True
402221,235566,A,1.0,0.88,True,True
1519624,235569,A,1.0,1.0,True,True
1449999,235574,A,1.0,1.0,True,True
1434942,235578,A,0.75,1.0,True,True
402224,235583,A,0.974,1.0,True,True
1401091,235589,A,1.0,1.0,True,False
928296,235592,A,1.0,1.0,True,True
1269728,235595,A,0.765,1.0,True,True
1536883,235596,A,1.0,1.0,True,True
1502689,235599,A,1.0,1.0,True,True
131307,235600,A,1.0,1.0,True,True
1120247,235602,A,1.0,1.0,True,True
1502847,235606,A,1.0,1.0,True,True
838741,235608,A,1.0,1.0,True,True
1337984,235612,A,1.0,0.923,True,True
714901,235615,A,1.0,0.9,True,True
1242368,235617,A,1.0,1.0,True,True
1418140,235618,A,1.0,0.897,True,True
1519625,235622,A,1.0,1.0,True,True
1519640,235623,A,1.0,1.0,True,True
1356368,235625,A,1.0,1.0,True,True
131376,235630,A,1.0,0.929,True,True
1056753,235635,A,0.69,1.0,True,True
1519648,235636,A,1.0,1.0,True,True
1344622,235637,A,1.0,1.0,True,True
131263,235638,A,1.0,0.88,True,True
738656,235639,A,1.0,0.952,True,True
116366,235642,A,1.0,1.0,True,True
1519619,235644,A,1.0,1.0,True,True
131312,235647,A,1.0,1.0,True,True
131299,235650,A,1.0,1.0,True,True
1329294,235652,A,1.0,1.0,True,True
129092,235653,A,1.0,1.0,True,True
1454809,235654,A,1.0,1.0,True,True
1519636,235655,A,1.0,1.0,True,True
1289729,235656,A,0.941,0.909,True,True
1519627,235657,A,1.0,0.889,True,True
1519626,235658,A,1.0,1.0,True,True
116715,235660,A,1.0,0.938,True,True
1508691,235662,A,1.0,1.0,True,True
1519622,235663,A,1.0,1.0,True,True
1472709,235664,A,0.839,1.0,True,True
1519630,235666,A,1.0,1.0,True,True
204921,235668,A,1.0,1.0,True,True
116387,235700,A,1.0,1.0,True,True
116415,235701,A,1.0,1.0,True,True
1284086,235702,A,1.0,0.941,True,True
1519631,235706,A,1.0,0.909,True,True
116397,235707,A,1.0,1.0,True,True
1519633,235710,A,1.0,1.0,True,True
857249,235715,A,1.0,1.0,True,True
1302384,235716,A,1.0,1.0,True,True
1268992,235720,A,0.973,0.889,True,True
116705,235721,A,1.0,1.0,True,True
1269708,235722,A,0.812,1.0,True,True
1468034,235723,A,1.0,1.0,True,True
1017923,235724,A,0.727,1.0,True,True
1445267,235726,A,1.0,1.0,True,True
877708,235727,A,1.0,0.909,True,True
1017922,235728,A,0.727,1.0,True,True
1519656,235733,A,1.0,1.0,True,True
193049,235734,A,0.72,1.0,True,True
1465447,235736,A,1.0,0.929,True,True
272409,23E104,A,1.0,0.88,True,True
567501,245012,A,1.0,0.897,True,True
1208382,245055,A,1.0,1.0,True,True
1091170,245102,A,1.0,1.0,True,True
1338867,245114,A,1.0,1.0,True,True
1094904,245119,A,1.0,1.0,True,True
812403,245138,A,1.0,1.0,True,True
851507,245149,A,0.718,1.0,True,True
1331793,245183,A,1.0,1.0,True,True
1487759,245186,A,1.0,1.0,True,True
1488152,245187,A,1.0,1.0,True,True
1488978,245201,A,1.0,1.0,True,True
1487934,245203,A,1.0,0.923,True,True
321923,245212,A,1.0,1.0,True,True
1102163,245213,A,0.8,1.0,True,True
1102429,245218,A,0.621,0.923,True,True
1332147,245224,A,1.0,1.0,True,True
1508790,245225,A,1.0,1.0,True,True
1438990,245227,A,1.0,1.0,True,False
986836,245235,A,1.0,1.0,True,True
968774,245236,A,1.0,1.0,True,True
1508498,245237,A,1.0,1.0,True,True
677828,245243,A,1.0,1.0,True,True
306795,245259,A,1.0,1.0,True,True
1471418,245265,A,1.0,1.0,True,True
1443696,245270,A,1.0,1.0,True,True
1102162,245272,A,1.0,1.0,True,True
1450019,245276,A,1.0,1.0,True,True
1450169,245277,A,1.0,0.923,True,True
595818,245278,A,1.0,1.0,True,True
1450155,245283,A,1.0,1.0,True,True
1489212,245298,A,1.0,1.0,True,True
1169403,245300,A,1.0,1.0,True,True
1182411,245310,A,0.688,1.0,True,True
1020215,245319,A,1.0,1.0,True,True
1508483,245324,A,1.0,0.944,True,True
1488732,245325,A,1.0,1.0,True,True
1449988,245328,A,1.0,1.0,True,True
1488549,245332,A,1.0,0.968,True,True
1488447,245336,A,1.0,1.0,True,True
1449895,245337,A,1.0,1.0,True,False
1450036,245342,A,1.0,1.0,True,True
927258,245344,A,1.0,1.0,True,True
1450053,245348,A,1.0,1.0,True,True
1462256,245359,A,1.0,1.0,True,True
1488849,245361,A,1.0,1.0,True,True
1110037,245362,A,1.0,0.973,True,True
1091691,245364,A,1.0,1.0,True,True
1390289,245367,A,1.0,1.0,True,True
954984,245368,A,1.0,1.0,True,True
306220,245373,A,1.0,1.0,True,True
1290384,245388,A,1.0,1.0,True,True
555377,245390,A,1.0,1.0,True,True
1400675,245410,A,1.0,1.0,True,True
1262690,245411,A,1.0,1.0,True,True
1241613,245414,A,1.0,0.857,True,True
503181,245418,A,1.0,1.0,True,True
436981,245423,A,1.0,1.0,True,True
1494336,245425,A,1.0,1.0,True,True
396836,245427,A,1.0,1.0,True,True
1432270,245434,A,1.0,1.0,True,True
1517466,245435,A,0.667,1.0,True,True
1503333,245441,A,1.0,1.0,True,True
944064,245451,A,1.0,1.0,True,True
1268100,245452,A,1.0,1.0,True,True
1103274,245453,A,1.0,1.0,True,True
1142970,245454,A,1.0,0.87,True,True
321945,245458,A,1.0,1.0,True,True
1102433,245460,A,1.0,1.0,True,True
995416,245461,A,0.706,1.0,True,True
282300,245463,A,1.0,1.0,True,True
297372,245464,A,1.0,1.0,True,True
919292,245465,A,1.0,1.0,True,True
1427488,245468,A,1.0,1.0,True,True
679973,245469,A,1.0,1.0,True,True
1450185,245471,A,1.0,0.923,True,True
1149900,245474,A,1.0,1.0,True,True
1449915,245483,A,1.0,1.0,True,True
1024536,245484,A,1.0,1.0,True,True
1182617,245497,A,1.0,1.0,True,True
924045,245510,A,1.0,1.0,True,True
1508423,245514,A,1.0,1.0,True,True
1508658,245516,A,1.0,1.0,True,True
1508683,245517,A,1.0,1.0,True,True
1386912,245518,A,1.0,1.0,True,True
1311935,245520,A,1.0,1.0,True,True
656091,245521,A,1.0,1.0,True,True
1295548,245524,A,1.0,1.0,True,True
1203172,245544,A,1.0,1.0,True,True
1289318,245548,A,1.0,1.0,True,True
1338884,245556,A,1.0,1.0,True,True
1434857,245560,A,1.0,1.0,True,True
930389,245564,A,1.0,1.0,True,True
1204964,245572,A,1.0,1.0,True,True
1262688,245574,A,1.0,0.947,True,True
1423960,245575,A,1.0,1.0,True,True
1327501,245581,A,1.0,1.0,True,True
1527426,245583,A,1.0,1.0,True,False
1558384,245597,A,1.0,1.0,True,True
1535456,245604,A,1.0,0.909,True,True
1338897,245613,A,1.0,1.0,True,True
1338856,245617,A,1.0,1.0,True,True
856457,245620,A,0.778,0.947,True,True
1338862,245621,A,1.0,1.0,True,True
1102424,245622,A,0.824,1.0,True,True
1375013,245624,A,1.0,0.933,True,True
1314406,245628,A,0.927,1.0,True,True
297975,245631,A,0.914,1.0,True,True
1102435,245634,A,1.0,1.0,True,True
876349,245636,A,0.933,0.88,True,True
1106881,24E355,A,1.0,1.0,True,True
1248111,255091,A,1.0,1.0,True,True
1420711,255092,A,1.0,1.0,True,True
157052,255097,A,1.0,1.0,True,True
1180844,255100,A,1.0,1.0,True,True
1180776,255102,A,1.0,1.0,True,True
1440309,255103,A,1.0,1.0,True,True
1473483,255104,A,1.0,1.0,True,True
1180827,255105,A,1.0,1.0,True,True
1467102,255106,A,1.0,0.973,True,True
1180803,255109,A,1.0,1.0,True,True
1251894,255110,A,0.812,0.963,True,True
1535524,255115,A,1.0,1.0,True,False
1535526,255116,A,1.0,1.0,True,True
1179980,255117,A,0.973,1.0,True,False
1180371,255118,A,1.0,1.0,True,True
1535539,255125,A,1.0,1.0,True,True
803814,255126,A,1.0,1.0,True,True
1535655,255136,A,1.0,1.0,True,True
202203,255138,A,1.0,1.0,True,True
1179874,255139,A,1.0,1.0,True,False
1114167,255140,A,1.0,0.978,True,True
1466524,255141,A,1.0,1.0,True,True
1208319,255142,A,1.0,1.0,True,True
1418272,255145,A,1.0,1.0,True,True
909526,255146,A,1.0,1.0,True,True
1115542,255149,A,1.0,1.0,True,True
906371,255150,A,1.0,1.0,True,True
44555,255153,A,1.0,1.0,True,True
667253,255154,A,1.0,0.958,True,True
1076314,255156,A,1.0,0.857,True,True
1076286,255158,A,1.0,1.0,True,True
951554,255159,A,1.0,1.0,True,True
113984,255160,A,1.0,1.0,True,True
811625,255162,A,1.0,1.0,True,True
1446853,255164,A,1.0,1.0,True,True
1418459,255171,A,1.0,1.0,True,True
1441252,255172,A,1.0,1.0,True,True
1402835,255173,A,1.0,1.0,True,True
1180725,255174,A,1.0,1.0,True,True
1179848,255175,A,1.0,1.0,True,True
1467590,255181,A,0.941,1.0,True,True
554199,255206,A,1.0,1.0,True,True
1453362,255217,A,1.0,1.0,True,True
1438973,255218,A,1.0,0.957,True,True
1448297,255219,A,1.0,1.0,True,False
1447609,255221,A,1.0,1.0,True,True
1095793,255226,A,1.0,1.0,True,True
1121736,255228,A,1.0,0.862,True,True
1467783,255229,A,1.0,1.0,True,True
277684,255234,A,1.0,1.0,True,True
277692,255247,A,1.0,1.0,True,True
1083206,255249,A,1.0,1.0,True,True
970974,255250,A,1.0,1.0,True,True
567597,255252,A,1.0,1.0,True,False
157000,255253,A,1.0,1.0,True,True
1283499,255257,A,1.0,1.0,True,True
1418450,255260,A,1.0,1.0,True,True
1418469,255261,A,1.0,1.0,True,True
1240095,255265,A,1.0,1.0,True,True
565529,255266,A,1.0,1.0,True,True
457875,255268,A,1.0,1.0,True,False
308186,255270,A,1.0,1.0,True,True
923316,255273,A,1.0,1.0,True,True
434021,255274,A,1.0,1.0,True,True
659494,255280,A,1.0,1.0,True,True
923214,255282,A,1.0,1.0,True,True
1114112,255285,A,1.0,1.0,True,True
1420707,255286,A,1.0,1.0,True,True
1450680,255287,A,1.0,1.0,True,True
1180759,255288,A,0.947,1.0,True,True
1450650,255294,A,1.0,1.0,True,True
473703,255296,A,1.0,1.0,True,True
819107,255297,A,1.0,1.0,True,True
52579,255299,A,1.0,1.0,True,True
1424671,255300,A,1.0,1.0,True,True
957519,255301,A,1.0,1.0,True,True
1441650,255303,A,1.0,1.0,True,True
813513,255304,A,1.0,1.0,True,True
1083557,255305,A,1.0,0.95,True,True
1446489,255306,A,1.0,1.0,True,True
414962,255311,A,1.0,1.0,True,True
1052981,255312,A,1.0,1.0,True,True
1451322,255315,A,1.0,0.87,True,True
1457359,255318,A,1.0,1.0,True,True
1428772,255319,A,1.0,1.0,True,True
486474,255320,A,1.0,1.0,True,True
87198,255321,A,1.0,1.0,True,True
145016,255325,A,1.0,1.0,True,True
1363969,255326,A,0.706,1.0,True,True
566360,255332,A,1.0,1.0,True,True
1123631,255334,A,1.0,1.0,True,True
938890,255339,A,1.0,1.0,True,True
805606,255340,A,1.0,1.0,True,True
847799,255342,A,1.0,1.0,True,True
72609,255343,A,1.0,1.0,True,True
1436453,255353,A,1.0,1.0,True,True
139968,25A162,A,1.0,1.0,True,True
813067,25A416,A,1.0,1.0,True,True
1208788,265055,A,1.0,1.0,True,True
1067230,265140,A,1.0,1.0,True,True
1499238,265149,A,1.0,1.0,True,True
686690,265155,A,1.0,1.0,True,True
1433947,265158,A,1.0,1.0,True,True
1539170,265166,A,1.0,1.0,True,True
154173,265167,A,1.0,1.0,True,True
1436195,265168,A,1.0,0.88,True,True
1521993,265169,A,1.0,1.0,True,True
1261559,265171,A,1.0,1.0,True,True
1253279,265175,A,1.0,1.0,True,False
172575,265193,A,1.0,1.0,True,True
1513993,265238,A,1.0,1.0,True,True
150578,265245,A,1.0,0.88,True,True
1068275,265246,A,1.0,1.0,True,True
1376393,265258,A,0.72,1.0,True,True
1498651,265266,A,1.0,1.0,True,True
1069101,265279,A,1.0,1.0,True,True
1451122,265285,A,1.0,0.923,True,True
972171,265303,A,1.0,1.0,True,True
949536,265312,A,1.0,1.0,True,True
1073702,265318,A,1.0,1.0,True,True
64426,265321,A,1.0,1.0,True,True
1442860,265333,A,1.0,1.0,True,True
1289522,265338,A,1.0,1.0,True,True
1432829,265339,A,1.0,1.0,True,True
890371,265341,A,1.0,0.933,True,True
740302,265345,A,1.0,1.0,True,True
1430899,265349,A,1.0,0.95,True,True
1469046,265355,A,0.783,1.0,True,True
1097419,265359,A,1.0,1.0,True,True
994421,265360,A,1.0,1.0,True,True
1203667,265362,A,0.952,1.0,True,True
1521990,265367,A,1.0,0.963,True,True
799084,265368,A,1.0,1.0,True,True
1430338,265373,A,1.0,1.0,True,True
1473912,265381,A,1.0,0.889,True,True
1121212,265383,A,1.0,1.0,True,True
1521991,265385,A,1.0,1.0,True,True
1521994,265389,A,1.0,1.0,True,True
992030,265405,A,1.0,1.0,True,True
1522754,265416,A,0.968,1.0,True,True
1265824,265430,A,1.0,1.0,True,True
1416884,265431,A,1.0,1.0,True,True
1220660,265437,A,1.0,1.0,True,True
1157092,265439,A,1.0,0.952,True,True
153034,265446,A,1.0,1.0,True,True
1302369,265451,A,1.0,1.0,True,True
153059,265466,A,1.0,1.0,True,True
1443558,265471,A,1.0,1.0,True,True
1437811,265474,A,1.0,1.0,True,True
1521989,265492,A,1.0,1.0,True,True
1498556,265493,A,1.0,0.903,True,True
1521995,265495,A,1.0,1.0,True,True
119798,265500,A,1.0,1.0,True,True
1327482,265503,A,1.0,1.0,True,True
1285057,265512,A,0.971,1.0,True,True
1432882,265516,A,1.0,1.0,True,True
1452083,265518,A,1.0,1.0,True,True
150716,265519,A,1.0,0.889,True,True
1521992,265531,A,1.0,0.909,True,True
1373422,265536,A,1.0,1.0,True,True
1080599,265539,A,1.0,1.0,True,True
150412,265545,A,1.0,0.963,True,True
939010,265546,A,1.0,1.0,True,True
1493105,265547,A,1.0,1.0,True,True
120154,265549,A,1.0,1.0,True,True
936026,265553,A,1.0,1.0,True,True
675229,265559,A,1.0,1.0,True,True
1498664,265564,A,1.0,0.897,True,True
153085,265571,A,1.0,1.0,True,True
1430819,265573,A,1.0,1.0,True,True
1431004,265577,A,1.0,0.909,True,True
655051,265589,A,1.0,1.0,True,True
1207216,265591,A,1.0,1.0,True,True
1305675,265610,A,1.0,1.0,True,True
1424912,265643,A,1.0,1.0,True,True
175848,265651,A,1.0,1.0,True,True
1304580,265654,A,1.0,0.88,True,True
61421,265664,A,1.0,0.923,True,True
1083289,265667,A,1.0,1.0,True,True
1252820,265670,A,1.0,1.0,True,True
1122292,265677,A,1.0,1.0,True,True
735049,265680,A,1.0,1.0,True,True
910420,265682,A,1.0,1.0,True,True
1289493,265701,A,1.0,1.0,True,True
98269,265705,A,1.0,1.0,True,True
1452542,265716,A,1.0,1.0,True,True
61429,265731,A,1.0,0.909,True,True
1380335,265738,A,1.0,1.0,True,True
1202789,265739,A,1.0,0.914,True,True
1068191,265743,A,1.0,1.0,True,True
1431411,265746,A,1.0,1.0,True,True
859512,265749,A,1.0,1.0,True,True
859566,265753,A,1.0,1.0,True,True
1097997,265754,A,1.0,1.0,True,True
1286092,265756,A,1.0,1.0,True,True
972420,265759,A,1.0,0.889,True,True
1203027,265762,A,1.0,1.0,True,True
952777,265768,A,1.0,1.0,True,True
1401864,265769,A,1.0,0.88,True,True
940249,265772,A,1.0,0.963,True,True
915255,265775,A,1.0,1.0,True,True
1259924,265777,A,1.0,1.0,True,True
1374444,265778,A,1.0,0.941,True,True
804802,265779,A,1.0,1.0,True,True
165955,265782,A,1.0,0.889,True,True
1206912,265787,A,1.0,0.923,True,True
1220419,265794,A,1.0,1.0,True,True
1055404,265796,A,1.0,0.867,True,True
1522761,265799,A,1.0,1.0,True,True
1260582,265804,A,1.0,1.0,True,True
1429192,265808,A,1.0,1.0,True,True
952564,265813,A,1.0,1.0,True,True
1544754,265824,A,1.0,1.0,True,True
1088021,265827,A,1.0,0.944,True,True
1521996,265840,A,1.0,1.0,True,True
1451871,265844,A,1.0,1.0,True,True
1427087,265852,A,1.0,1.0,True,True
1499212,265854,A,1.0,0.867,True,True
213992,265861,A,1.0,1.0,True,True
252204,265863,A,1.0,1.0,True,True
284716,265865,A,1.0,1.0,True,True
1451229,265866,A,1.0,1.0,True,True
1502845,265868,A,1.0,1.0,True,True
972243,265872,A,1.0,0.909,True,True
697047,265874,A,1.0,1.0,True,True
972227,265880,A,0.764,1.0,True,True
1499088,265889,A,1.0,1.0,True,True
1535077,265892,A,1.0,0.909,True,True
510786,26A292,A,1.0,1.0,True,True
1197292,275035,A,1.0,1.0,True,True
1177782,275047,A,1.0,1.0,True,True
1540050,275056,A,1.0,1.0,True,True
1549650,275080,A,1.0,0.909,True,True
1410161,275084,A,0.696,1.0,True,True
1247108,275091,A,1.0,1.0,True,True
115806,275109,A,1.0,1.0,True,True
1187042,275111,A,1.0,1.0,True,True
401542,275122,A,1.0,1.0,True,True
802884,275127,A,1.0,1.0,True,True
860518,275134,A,1.0,1.0,True,True
1177216,275140,A,1.0,1.0,True,True
1074541,285002,A,1.0,1.0,True,True
1558190,285036,A,1.0,1.0,True,True
1524270,285055,A,1.0,1.0,True,True
1445946,285057,A,1.0,1.0,True,True
1376752,285058,A,1.0,1.0,True,True
1429925,285062,A,1.0,1.0,True,True
229645,285063,A,1.0,1.0,True,True
904521,285071,A,1.0,1.0,True,True
666163,285072,A,1.0,1.0,True,True
1449357,285078,A,1.0,1.0,True,True
1438404,285083,A,1.0,1.0,True,True
1457576,285085,A,1.0,1.0,True,True
1081206,285087,A,1.0,1.0,True,True
1451069,285088,A,1.0,1.0,True,True
183703,285089,A,1.0,1.0,True,True
1513771,285091,A,1.0,0.897,True,True
1507682,285092,A,1.0,1.0,True,True
1455213,285096,A,1.0,1.0,True,True
1148242,285098,A,1.0,1.0,True,True
1459103,285108,A,1.0,1.0,True,True
1513789,285114,A,1.0,1.0,True,True
1419257,285118,A,1.0,1.0,True,True
1157210,285119,A,1.0,1.0,True,True
1443233,285124,A,1.0,1.0,True,True
1524211,285130,A,1.0,1.0,True,True
731933,285133,A,1.0,1.0,True,True
876453,285134,A,1.0,1.0,True,True
1369215,285135,A,1.0,1.0,True,True
1453582,285146,A,0.667,1.0,True,True
1493988,285149,A,1.0,1.0,True,True
1513730,285150,A,1.0,1.0,True,True
1369208,285160,A,1.0,1.0,True,True
1096135,285165,A,1.0,1.0,True,True
1148557,285172,A,1.0,0.87,True,True
1524244,285183,A,1.0,1.0,True,True
975062,285187,A,0.8,1.0,True,True
1466765,285193,A,0.778,1.0,True,True
1348758,285201,A,1.0,1.0,True,True
814674,285203,A,1.0,1.0,True,True
1314371,285219,A,1.0,1.0,True,True
1431407,285222,A,1.0,1.0,True,True
1275768,285226,A,1.0,1.0,True,True
1073779,285230,A,1.0,1.0,True,True
1524307,285238,A,1.0,1.0,True,True
1524371,285240,A,1.0,1.0,True,True
1268167,285242,A,1.0,1.0,True,True
1074038,285262,A,1.0,1.0,True,True
893025,285266,A,1.0,1.0,True,True
1289938,285268,A,1.0,1.0,True,True
956989,285271,A,1.0,1.0,True,True
1075565,285276,A,1.0,0.964,True,True
893021,285278,A,1.0,1.0,True,True
1276213,285279,A,1.0,1.0,True,True
1432170,285281,A,1.0,1.0,True,True
1446013,285283,A,1.0,1.0,True,True
1534208,285287,A,1.0,1.0,True,True
733318,285293,A,1.0,1.0,True,True
733333,285300,A,1.0,1.0,True,True
733262,285302,A,1.0,1.0,True,True
1273095,285305,A,1.0,1.0,True,True
1436432,28A060,A,0.6,1.0,True,True
1445307,295017,A,1.0,0.964,True,True
1524431,295020,A,1.0,1.0,True,True
1538423,295023,A,1.0,1.0,True,True
62347,295036,A,1.0,1.0,True,True
1524289,295037,A,1.0,1.0,True,True
983897,295040,A,0.857,1.0,True,True
1401168,295043,A,1.0,1.0,True,True
1524288,295044,A,1.0,1.0,True,True
1300144,295048,A,1.0,1.0,True,True
1267764,295052,A,1.0,1.0,True,True
810728,295055,A,1.0,1.0,True,True
1234932,295067,A,1.0,1.0,True,True
1117348,295070,A,1.0,1.0,True,True
1273773,295071,A,1.0,1.0,True,True
1446670,295073,A,1.0,1.0,True,True
1177941,295075,A,1.0,1.0,True,True
1452320,295077,A,1.0,1.0,True,True
1316062,295079,A,1.0,0.929,True,True
1209225,295082,A,1.0,1.0,True,True
1516721,295083,A,1.0,0.944,True,True
1048208,295088,A,1.0,1.0,True,True
1112157,295089,A,1.0,1.0,True,True
1245658,295092,A,1.0,1.0,True,True
1508883,295093,A,1.0,1.0,True,True
991137,295094,A,1.0,1.0,True,True
1538422,295104,A,1.0,1.0,True,True
1508181,295106,A,1.0,1.0,True,True
1507635,295109,A,1.0,1.0,True,True
1137399,295110,A,1.0,1.0,True,True
1101499,29E037,A,1.0,1.0,True,True
1286641,305018,A,1.0,1.0,True,True
1475835,305024,A,1.0,0.933,True,True
1473572,305038,A,1.0,1.0,True,True
1499848,305041,A,1.0,1.0,True,True
640677,305043,A,1.0,1.0,True,True
740963,305044,A,1.0,1.0,True,True
1095814,305045,A,1.0,1.0,True,True
1474325,305050,A,1.0,1.0,True,False
1502467,305051,A,1.0,1.0,True,True
1473654,305052,A,1.0,1.0,True,False
1476862,305055,A,1.0,1.0,True,True
1467828,305059,A,1.0,1.0,True,True
1477260,305061,A,1.0,1.0,True,True
1472686,305064,A,1.0,1.0,True,True
1493912,305065,A,1.0,1.0,True,True
640661,305066,A,0.7,1.0,True,True
212052,305067,A,0.857,1.0,True,True
138802,305069,A,0.8,1.0,True,True
1274193,305077,A,1.0,1.0,True,True
1479106,305078,A,1.0,1.0,True,True
1022852,305088,A,1.0,1.0,True,True
1123354,305095,A,1.0,1.0,True,True
1283730,305096,A,1.0,1.0,True,True
1512508,315001,A,1.0,1.0,True,True
1245204,315002,A,0.979,1.0,True,True
413747,315005,A,1.0,1.0,True,True
824672,315008,A,1.0,1.0,True,True
1445004,315013,A,1.0,1.0,True,True
1493261,315036,A,1.0,1.0,True,True
1502862,315037,A,1.0,1.0,True,True
875120,315038,A,1.0,1.0,True,True
931445,315053,A,1.0,1.0,True,True
927408,315056,A,1.0,1.0,True,True
543632,315057,A,1.0,1.0,True,True
945562,315066,A,1.0,1.0,True,True
1032748,315083,A,1.0,1.0,True,True
808905,315085,A,1.0,1.0,True,True
1245116,315092,A,1.0,1.0,True,True
1465484,315094,A,1.0,1.0,True,True
938386,315096,A,1.0,1.0,True,True
1465311,315101,A,1.0,1.0,True,True
1498914,315103,A,0.846,1.0,True,True
279161,315105,A,1.0,1.0,True,True
1520511,315106,A,1.0,1.0,True,True
1049681,315110,A,0.64,1.0,True,True
646418,315115,A,1.0,1.0,True,True
1361742,315120,A,1.0,1.0,True,True
1522549,315122,A,1.0,0.977,True,True
1201245,315127,A,0.706,1.0,True,True
1049899,315128,A,1.0,1.0,True,True
631993,315129,A,1.0,1.0,True,True
1245115,315132,A,1.0,1.0,True,True
632727,315133,A,1.0,1.0,True,True
1477433,315134,A,1.0,0.938,True,True
554456,315135,A,1.0,1.0,True,True
1468147,315136,A,1.0,0.85,True,True
1474199,315137,A,1.0,1.0,True,True
1559184,315138,A,1.0,1.0,True,True
1335029,315141,A,1.0,1.0,True,True
1463564,315143,A,1.0,1.0,True,True
950030,315147,A,1.0,1.0,True,True
1245210,315152,A,0.875,1.0,True,True
1150183,315157,A,1.0,1.0,True,True
1492264,315158,A,1.0,0.97,True,True
1121392,315164,A,1.0,1.0,True,True
1512270,315166,A,1.0,1.0,True,True
279194,315171,A,1.0,1.0,True,True
874965,315178,A,1.0,1.0,True,True
474717,315190,A,1.0,1.0,True,True
960882,315192,A,1.0,1.0,True,True
1230248,315194,A,0.927,0.941,True,True
1529749,315196,A,1.0,1.0,True,True
1198819,315198,A,1.0,1.0,True,True
1347053,315200,A,1.0,1.0,True,True
688038,315201,A,1.0,1.0,True,True
1506892,315202,A,1.0,1.0,True,True
1440542,315204,A,1.0,1.0,True,True
1452935,315206,A,1.0,0.909,True,True
1101821,315207,A,1.0,0.966,True,True
279206,315213,A,0.824,1.0,True,True
613475,315214,A,1.0,1.0,True,True
1439775,315215,A,1.0,1.0,True,True
1401002,315216,A,1.0,1.0,True,True
1340570,315217,A,1.0,1.0,True,True
820866,315218,A,1.0,1.0,True,True
1526255,315219,A,1.0,0.938,True,True
683383,315221,A,1.0,1.0,True,True
1193947,315223,A,1.0,1.0,True,True
1107184,315228,A,1.0,1.0,True,True
554462,315234,A,1.0,1.0,True,True
1292092,315235,A,1.0,1.0,True,True
995177,315236,A,1.0,1.0,True,True
1485455,315243,A,1.0,1.0,True,True
554550,315244,A,1.0,1.0,True,True
934846,315245,A,1.0,0.938,True,True
1403353,315247,A,1.0,1.0,True,True
1514940,315251,A,1.0,1.0,True,True
1538978,315252,A,1.0,1.0,True,True
1188304,315263,A,1.0,1.0,True,True
1467704,315264,A,1.0,1.0,True,True
1467850,315265,A,1.0,1.0,True,True
1247131,315275,A,1.0,1.0,True,True
1467030,315276,A,1.0,1.0,True,True
1511576,315279,A,1.0,1.0,True,True
1109421,315286,A,1.0,1.0,True,True
1037233,315288,A,1.0,1.0,True,True
354465,315289,A,1.0,1.0,True,True
1227373,315295,A,1.0,1.0,True,True
960871,315300,A,1.0,1.0,True,True
1455740,315303,A,0.952,1.0,True,True
1245118,315306,A,0.882,1.0,True,True
1221773,315307,A,1.0,1.0,True,True
1336335,315309,A,1.0,1.0,True,True
1485171,315310,A,1.0,1.0,True,False
1494123,315311,A,1.0,1.0,True,True
1458004,315312,A,1.0,1.0,True,True
1245007,315313,A,1.0,1.0,True,True
1373941,315314,A,1.0,1.0,True,True
1179956,315316,A,1.0,1.0,True,True
1304403,315317,A,0.846,1.0,True,True
1522832,315320,A,1.0,1.0,True,True
904421,315322,A,1.0,1.0,True,True
1424666,315327,A,0.96,1.0,True,True
1479000,315328,A,1.0,1.0,True,True
858921,315330,A,1.0,1.0,True,True
1308246,315333,A,1.0,1.0,True,False
1245201,315339,A,1.0,1.0,True,True
1110576,315341,A,1.0,1.0,True,True
1475861,315342,A,1.0,1.0,True,True
1448495,315349,A,1.0,1.0,True,True
1494318,315350,A,1.0,1.0,True,True
1464842,315353,A,1.0,1.0,True,True
1386454,315355,A,1.0,1.0,True,True
960868,315357,A,1.0,1.0,True,True
1431268,315362,A,1.0,1.0,True,True
1474201,315364,A,1.0,1.0,True,True
1332513,315365,A,1.0,0.917,True,True
960853,315366,A,1.0,1.0,True,True
1245207,315369,A,1.0,1.0,True,True
1144788,315370,A,0.615,1.0,True,True
1183272,315375,A,0.71,1.0,True,True
50306,315376,A,1.0,1.0,True,True
1304960,315378,A,1.0,1.0,True,True
1037256,315396,A,1.0,0.9,True,True
1311657,315409,A,1.0,1.0,True,True
1113026,315421,A,1.0,1.0,True,False
1520177,315433,A,1.0,1.0,True,True
630317,315434,A,1.0,1.0,True,True
849195,315435,A,1.0,1.0,True,True
917629,315438,A,1.0,1.0,True,True
1533974,315445,A,0.812,1.0,True,True
1023975,315448,A,1.0,1.0,True,True
960944,315449,A,1.0,1.0,True,True
1208114,315453,A,1.0,1.0,True,True
1531653,315460,A,1.0,0.938,True,True
1245011,315464,A,1.0,1.0,True,True
929465,315467,A,1.0,1.0,True,True
1245200,315468,A,0.667,1.0,True,True
1245009,315472,A,1.0,1.0,True,True
1245209,315477,A,1.0,1.0,True,True
1245208,315485,A,1.0,1.0,True,True
224182,315487,A,1.0,1.0,True,True
1245262,315488,A,1.0,1.0,True,True
961174,315494,A,1.0,1.0,True,True
798052,315497,A,1.0,1.0,True,True
1244893,315502,A,1.0,1.0,True,True
849773,315507,A,1.0,0.857,True,True
1245061,315511,A,0.909,1.0,True,True
630832,315516,A,0.696,1.0,True,True
1076418,315517,A,1.0,1.0,True,True
1517792,315518,A,1.0,1.0,True,True
279177,315524,A,1.0,1.0,True,True
1244578,315526,A,1.0,1.0,True,True
639413,315528,A,1.0,1.0,True,True
1304031,315530,A,1.0,1.0,True,True
1475646,325032,A,1.0,1.0,True,True
1475521,325033,A,1.0,1.0,True,True
1464479,325034,A,1.0,1.0,True,True
1498019,325036,A,1.0,0.914,True,True
1493818,325038,A,1.0,1.0,True,True
1401428,325039,A,1.0,1.0,True,True
1497561,325042,A,1.0,1.0,True,True
1498728,325054,A,1.0,0.87,True,True
1530778,325064,A,1.0,0.919,True,False
1502218,325066,A,1.0,1.0,True,True
1515202,325068,A,1.0,1.0,True,True
1496295,325069,A,1.0,1.0,True,False
1512760,325070,A,1.0,0.973,True,True
1537775,325076,A,0.952,1.0,True,True
1512949,325077,A,1.0,1.0,True,True
839741,325078,A,1.0,1.0,True,True
1493850,325100,A,1.0,1.0,True,True
1462319,325113,A,0.846,1.0,True,True
1534102,325119,A,1.0,1.0,True,True
1494530,325125,A,1.0,0.955,True,True
1401479,325128,A,1.0,1.0,True,True
1455221,325130,A,1.0,1.0,True,True
598352,335003,A,1.0,0.963,True,True
648098,335005,A,1.0,1.0,True,True
1529871,335006,A,1.0,1.0,True,True
1278342,335011,A,1.0,1.0,True,True
1336048,335015,A,1.0,1.0,True,True
1099982,335019,A,1.0,1.0,True,True
1302111,335024,A,1.0,1.0,True,True
1103341,335027,A,1.0,1.0,True,True
1048601,335046,A,0.667,1.0,True,True
1528993,335050,A,1.0,1.0,True,True
1361937,335053,A,1.0,1.0,True,True
1131651,335068,A,1.0,1.0,True,True
1431701,335069,A,1.0,1.0,True,True
1090282,335079,A,1.0,1.0,True,True
969870,335083,A,1.0,1.0,True,True
920588,335091,A,1.0,1.0,True,True
1457533,335092,A,1.0,1.0,True,True
1093489,335093,A,1.0,1.0,True,True
1428934,335105,A,1.0,1.0,True,True
1402636,335108,A,0.842,1.0,True,True
1301840,335110,A,1.0,1.0,True,True
1019649,335125,A,1.0,1.0,True,True
591694,335128,A,0.667,1.0,True,True
647850,335130,A,1.0,1.0,True,True
172988,335132,A,1.0,1.0,True,True
671435,335142,A,1.0,1.0,True,True
1470237,335148,A,1.0,1.0,True,True
729735,335156,A,1.0,1.0,True,True
1213440,335159,A,1.0,1.0,True,True
84751,335163,A,1.0,1.0,True,True
1508388,335168,A,1.0,1.0,True,True
1490503,335174,A,1.0,1.0,True,True
1448511,335180,A,1.0,1.0,True,True
1557951,335184,A,1.0,1.0,True,True
1356774,335185,A,1.0,1.0,True,True
1282017,335197,A,1.0,1.0,True,True
555700,335201,A,1.0,0.97,True,True
1444672,335202,A,1.0,1.0,True,True
1096091,335211,A,1.0,1.0,True,True
969865,335213,A,1.0,1.0,True,True
560736,335216,A,1.0,1.0,True,True
1204109,335218,A,1.0,1.0,True,True
326122,335219,A,1.0,1.0,True,True
1257154,335220,A,1.0,1.0,True,True
190335,335227,A,0.678,1.0,True,True
734191,335233,A,1.0,1.0,True,True
1276675,335239,A,1.0,1.0,True,True
1137267,335243,A,1.0,1.0,True,True
1068623,335245,A,1.0,1.0,True,True
964916,335249,A,1.0,0.973,True,True
1293344,335252,A,1.0,1.0,True,True
143713,335256,A,1.0,1.0,True,True
866205,335259,A,0.75,1.0,True,True
902026,335263,A,1.0,0.909,True,True
1531178,335275,A,1.0,0.929,True,True
1088680,335283,A,1.0,1.0,True,True
1150177,335284,A,1.0,1.0,True,True
1539363,335285,A,1.0,1.0,True,True
134172,335286,A,1.0,1.0,True,True
1558986,335287,A,1.0,1.0,True,True
190342,335288,A,0.947,1.0,True,True
1429657,335290,A,1.0,1.0,True,True
1457281,335296,A,1.0,1.0,True,True
1469947,335301,A,1.0,1.0,True,True
75352,335308,A,1.0,1.0,True,True
632693,335312,A,1.0,1.0,True,True
1289892,335316,A,0.8,1.0,True,True
1517788,335322,A,1.0,1.0,True,True
132422,335325,A,1.0,1.0,True,True
555032,335331,A,1.0,1.0,True,True
455883,335340,A,1.0,1.0,True,True
503182,335341,A,1.0,1.0,True,True
1447699,335342,A,1.0,1.0,True,True
849863,335345,A,1.0,1.0,True,True
1471407,335347,A,1.0,1.0,True,True
475542,335349,A,1.0,0.882,True,True
1443162,335366,A,1.0,1.0,True,True
80983,335369,A,1.0,1.0,True,True
984855,335371,A,1.0,1.0,True,True
482508,335373,A,1.0,1.0,True,True
943353,335374,A,1.0,1.0,True,True
1433423,335386,A,1.0,1.0,True,True
1103012,335387,A,1.0,0.864,True,True
150253,335391,A,0.706,1.0,True,True
989481,335392,A,1.0,1.0,True,True
1289894,335393,A,0.88,1.0,True,True
897245,335394,A,1.0,1.0,True,True
1462611,335396,A,1.0,1.0,True,True
945442,335397,A,1.0,1.0,True,True
1268240,335400,A,1.0,1.0,True,True
1434114,335410,A,1.0,1.0,True,True
1263008,335412,A,1.0,1.0,True,True
75356,335419,A,1.0,1.0,True,True
818439,335421,A,1.0,1.0,True,True
55554,335426,A,1.0,0.947,True,True
876357,335427,A,1.0,1.0,True,True
136136,335431,A,1.0,1.0,True,True
134310,335432,A,1.0,1.0,True,True
1417534,335436,A,1.0,1.0,True,True
1247191,335437,A,1.0,1.0,True,True
1084609,335438,A,1.0,0.941,True,True
1377099,335441,A,1.0,1.0,True,True
1255548,335448,A,1.0,1.0,True,True
213125,335455,A,0.857,1.0,True,True
957341,335457,A,1.0,1.0,True,True
1457535,335461,A,0.894,1.0,True,True
954888,335462,A,1.0,1.0,True,True
967235,335468,A,1.0,1.0,True,True
1107177,335471,A,1.0,1.0,True,True
1520855,335475,A,1.0,1.0,True,True
1079012,335478,A,1.0,1.0,True,True
134390,335484,A,1.0,1.0,True,True
1289887,335485,A,1.0,1.0,True,True
1342324,335487,A,1.0,1.0,True,True
1361951,335489,A,1.0,1.0,True,True
1505161,335502,A,1.0,1.0,True,True
1289893,335504,A,1.0,1.0,True,True
548304,335508,A,1.0,1.0,True,True
998890,335511,A,1.0,1.0,True,True
865907,335513,A,1.0,1.0,True,True
1205704,335516,A,1.0,0.889,True,True
652399,335517,A,1.0,1.0,True,True
216373,335524,A,1.0,1.0,True,True
1327119,335525,A,1.0,0.96,True,True
1534091,335527,A,1.0,1.0,True,True
1373311,335532,A,1.0,0.923,True,True
1289889,335533,A,0.632,1.0,True,True
676733,335538,A,1.0,1.0,True,True
1440597,335539,A,1.0,1.0,True,False
1125660,335543,A,1.0,1.0,True,True
688680,335545,A,1.0,1.0,True,True
1020188,335554,A,1.0,1.0,True,True
1471479,335558,A,1.0,1.0,True,True
1048084,335565,A,1.0,1.0,True,True
192599,335566,A,1.0,1.0,True,True
1533935,335571,A,1.0,1.0,True,True
1049612,335573,A,1.0,1.0,True,True
1193077,335581,A,1.0,0.864,True,True
1241370,335582,A,1.0,1.0,True,True
1361961,335585,A,1.0,1.0,True,True
1445961,335586,A,1.0,1.0,True,True
1289895,335587,A,1.0,1.0,True,True
1538977,335588,A,1.0,1.0,True,True
1189750,335589,A,1.0,1.0,True,True
1427734,335596,A,1.0,1.0,True,True
1509608,335600,A,1.0,1.0,True,True
1278512,335601,A,1.0,1.0,True,True
214096,335611,A,1.0,1.0,True,True
1424575,335612,A,1.0,1.0,True,True
709244,335613,A,1.0,1.0,True,True
312680,335615,A,1.0,1.0,True,True
1433630,335618,A,1.0,1.0,True,True
1203894,335619,A,1.0,1.0,True,True
956159,335626,A,1.0,1.0,True,True
1289888,335634,A,1.0,1.0,True,True
1444780,335636,A,1.0,1.0,True,True
1031017,335637,A,1.0,1.0,True,True
1536041,335640,A,1.0,1.0,True,True
1267689,335644,A,1.0,0.938,True,True
927229,335645,A,0.778,1.0,True,True
1289891,335649,A,1.0,1.0,True,True
1271651,335656,A,0.882,1.0,True,True
134288,335659,A,1.0,1.0,True,True
1138673,335663,A,1.0,1.0,True,True
1476011,335666,A,1.0,0.957,True,True
1454534,335673,A,1.0,1.0,True,True
1522895,335674,A,1.0,1.0,True,True
1183345,335676,A,1.0,1.0,True,True
82521,335677,A,1.0,1.0,True,True
601442,335680,A,1.0,1.0,True,True
134268,335681,A,1.0,1.0,True,True
1326993,335684,A,1.0,1.0,True,True
893387,335685,A,1.0,1.0,True,True
866468,335687,A,0.625,1.0,True,True
1237629,335690,A,1.0,1.0,True,True
1289886,335694,A,1.0,0.867,True,True
851060,335696,A,1.0,1.0,True,True
1533104,335710,A,1.0,1.0,True,True
1468151,335718,A,0.645,1.0,True,True
1128030,335727,A,1.0,1.0,True,True
1262587,335739,A,1.0,1.0,True,True
445697,335744,A,1.0,1.0,True,True
926647,335747,A,1.0,1.0,True,True
1466114,335750,A,1.0,1.0,True,True
1089080,335756,A,1.0,1.0,True,True
1289890,335757,A,0.88,1.0,True,True
1558571,335758,A,1.0,1.0,True,True
932179,335759,A,1.0,1.0,True,True
563925,335761,A,1.0,1.0,True,True
1452398,335763,A,0.971,1.0,True,True
1284832,335766,A,1.0,1.0,True,True
80822,335769,A,1.0,1.0,True,True
897916,335771,A,1.0,0.894,True,True
1435554,335775,A,1.0,1.0,True,True
75312,335777,A,1.0,1.0,True,True
171606,335782,A,1.0,1.0,True,True
153028,335790,A,1.0,1.0,True,True
1475578,335792,A,1.0,1.0,True,True
1075288,335799,A,1.0,0.857,True,True
1406694,335805,A,0.622,1.0,True,True
1072236,335808,A,1.0,1.0,True,True
1516923,335809,A,1.0,1.0,True,True
985299,335811,A,1.0,1.0,True,True
1200970,335812,A,1.0,0.97,True,True
46936,335814,A,1.0,0.933,True,True
741642,335815,A,1.0,1.0,True,True
1437001,335817,A,1.0,1.0,True,True
1095066,335818,A,1.0,1.0,True,True
1443058,335819,A,1.0,1.0,True,True
1453500,335821,A,0.947,1.0,True,True
954972,335824,A,1.0,1.0,True,True
1076572,335827,A,1.0,1.0,True,True
1289885,335828,A,0.8,1.0,True,True
1092626,335831,A,1.0,1.0,True,True
1123102,335843,A,1.0,1.0,True,True
1011196,335845,A,1.0,1.0,True,True
1029882,335847,A,1.0,1.0,True,True
933911,335857,A,1.0,1.0,True,True
601446,335860,A,0.692,1.0,True,True
136175,335865,A,1.0,1.0,True,True
1128143,335876,A,1.0,0.857,True,True
1184153,33A246,A,0.75,0.93,True,True
824978,345000,A,1.0,1.0,True,True
168417,345002,A,1.0,1.0,True,True
168515,345003,A,1.0,1.0,True,True
1325338,345006,A,1.0,1.0,True,True
1254769,345013,A,1.0,1.0,True,True
738063,345015,A,1.0,1.0,True,True
1296393,345026,A,1.0,0.976,True,True
1467280,345039,A,1.0,1.0,True,True
1316343,345045,A,1.0,1.0,True,True
1520594,345048,A,1.0,1.0,True,True
168473,345049,A,1.0,1.0,True,True
84280,345051,A,1.0,1.0,True,True
168444,345053,A,1.0,1.0,True,True
1425006,345063,A,1.0,0.952,True,True
168525,345077,A,1.0,1.0,True,True
1091312,345078,A,1.0,1.0,True,True
998154,345080,A,1.0,1.0,True,True
1421154,345083,A,1.0,1.0,True,True
1331504,345088,A,1.0,1.0,True,True
1453946,345089,A,1.0,1.0,True,True
1470994,345096,A,0.739,1.0,True,True
1469247,345102,A,1.0,1.0,True,True
168535,345104,A,1.0,1.0,True,True
1476815,345106,A,1.0,1.0,True,True
1197918,345109,A,1.0,1.0,True,True
566342,345113,A,1.0,1.0,True,True
568165,345119,A,1.0,1.0,True,True
1475645,345126,A,1.0,1.0,True,True
1425055,345127,A,1.0,1.0,True,True
1176084,345129,A,1.0,1.0,True,True
568744,345132,A,1.0,1.0,True,True
1443234,345137,A,1.0,1.0,True,True
1326383,345138,A,1.0,1.0,True,True
566310,345142,A,1.0,1.0,True,True
1478234,345143,A,1.0,1.0,True,True
591245,345144,A,1.0,1.0,True,True
1263732,345145,A,1.0,1.0,True,True
1094521,345150,A,1.0,1.0,True,True
1426114,345151,A,1.0,1.0,True,True
1196482,345152,A,1.0,0.929,True,True
1311666,345153,A,1.0,1.0,True,True
565744,345156,A,1.0,1.0,True,True
168429,345159,A,1.0,1.0,True,True
555153,345164,A,1.0,1.0,True,False
998141,345169,A,1.0,1.0,True,True
1425053,345171,A,1.0,1.0,True,True
1469783,345172,A,1.0,1.0,True,True
418935,345177,A,0.783,1.0,True,True
1326371,345181,A,1.0,0.857,True,True
1094510,345184,A,1.0,1.0,True,True
549780,345187,A,1.0,1.0,True,True
1427260,345192,A,1.0,1.0,True,True
1479009,345193,A,1.0,1.0,True,True
1314190,345194,A,1.0,1.0,True,True
422437,345197,A,1.0,1.0,True,True
664397,345198,A,1.0,1.0,True,True
555034,345205,A,1.0,1.0,True,True
927831,345206,A,1.0,1.0,True,True
1424624,345210,A,1.0,1.0,True,True
554651,345211,A,1.0,1.0,True,False
1326389,345213,A,1.0,1.0,True,True
566188,345215,A,1.0,1.0,True,True
555309,345217,A,1.0,1.0,True,True
1050101,345218,A,1.0,1.0,True,False
569364,345219,A,1.0,1.0,True,True
1331365,345221,A,1.0,1.0,True,True
436257,345222,A,1.0,1.0,True,True
1466161,345223,A,1.0,1.0,True,True
140083,345225,A,1.0,1.0,True,True
1254773,345226,A,1.0,1.0,True,True
998158,345232,A,1.0,1.0,True,True
565809,345237,A,1.0,1.0,True,True
1425048,345238,A,1.0,1.0,True,True
1469921,345240,A,1.0,0.889,True,True
959763,345241,A,1.0,1.0,True,True
1424714,345246,A,1.0,1.0,True,True
998160,345250,A,1.0,1.0,True,False
1520901,345252,A,1.0,1.0,True,True
1273880,345253,A,1.0,1.0,True,True
168437,345254,A,1.0,1.0,True,True
168504,345260,A,1.0,1.0,True,True
960193,345262,A,1.0,1.0,True,True
555056,345263,A,1.0,1.0,True,True
960248,345265,A,1.0,1.0,True,True
1263742,345266,A,1.0,0.857,True,True
1448346,345267,A,1.0,1.0,True,True
996905,345269,A,1.0,1.0,True,True
998165,345270,A,1.0,1.0,True,True
1100495,345277,A,1.0,1.0,True,True
1264893,345279,A,1.0,1.0,True,False
154679,345280,A,1.0,1.0,True,True
1470995,345282,A,0.714,1.0,True,True
1553693,345283,A,1.0,1.0,True,True
1426984,345288,A,1.0,1.0,True,True
1326432,345291,A,1.0,1.0,True,True
555502,345292,A,1.0,1.0,True,True
1402033,345296,A,1.0,1.0,True,True
912620,345298,A,1.0,1.0,True,True
1425046,345301,A,1.0,1.0,True,True
1333179,345303,A,1.0,1.0,True,True
1539491,345304,A,1.0,1.0,True,True
1265669,345311,A,1.0,1.0,True,True
998148,345312,A,1.0,1.0,True,True
1313823,345314,A,0.977,1.0,True,True
1263727,345315,A,1.0,1.0,True,True
960246,345317,A,1.0,1.0,True,True
555328,345321,A,1.0,1.0,True,True
912619,345322,A,1.0,1.0,True,True
960195,345323,A,1.0,0.944,True,True
1263721,345325,A,1.0,1.0,True,False
960245,345332,A,1.0,1.0,True,True
1473497,345333,A,1.0,1.0,True,True
555694,345335,A,1.0,0.903,True,True
1254764,345337,A,1.0,1.0,True,True
960247,345339,A,1.0,1.0,True,True
998162,345340,A,1.0,1.0,True,True
1452052,345341,A,1.0,1.0,True,True
1067831,345342,A,1.0,1.0,True,True
959778,345343,A,1.0,1.0,True,True
590758,345350,A,1.0,1.0,True,True
1099155,345353,A,1.0,1.0,True,True
566177,345354,A,1.0,1.0,True,True
550661,345355,A,1.0,1.0,True,True
1269127,345358,A,1.0,0.971,True,True
998135,345362,A,1.0,1.0,True,True
140729,345365,A,1.0,1.0,True,True
877796,345370,A,1.0,1.0,True,True
565774,345372,A,1.0,1.0,True,True
663507,345373,A,0.98,0.933,True,True
1449962,345375,A,1.0,1.0,True,True
1263724,345376,A,1.0,1.0,True,True
1445058,345380,A,1.0,1.0,True,True
1418269,345385,A,1.0,1.0,True,True
1452986,345388,A,1.0,1.0,True,True
912616,345389,A,1.0,1.0,True,True
1143011,345390,A,1.0,1.0,True,True
663047,345392,A,1.0,1.0,True,True
1254771,345395,A,1.0,1.0,True,True
555853,345396,A,1.0,1.0,True,True
1498233,345397,A,1.0,1.0,True,True
797225,345401,A,1.0,1.0,True,True
1418389,345403,A,1.0,1.0,True,True
488873,345404,A,1.0,1.0,True,True
801421,345405,A,1.0,1.0,True,True
1431139,345406,A,1.0,1.0,True,True
960194,345408,A,1.0,1.0,True,True
1478294,345409,A,1.0,1.0,True,True
1429016,345413,A,1.0,1.0,True,True
418943,345415,A,1.0,1.0,True,True
801427,345419,A,1.0,0.857,True,True
801346,345420,A,1.0,1.0,True,True
912615,345421,A,1.0,1.0,True,True
1450729,345425,A,1.0,1.0,True,True
1418477,345426,A,1.0,1.0,True,True
912621,345428,A,1.0,1.0,True,True
1254777,345429,A,1.0,1.0,True,True
1418270,345433,A,1.0,1.0,True,True
421772,345434,A,1.0,1.0,True,True
912622,345438,A,1.0,1.0,True,True
1254768,345439,A,1.0,1.0,True,True
1072077,345446,A,0.923,1.0,True,True
1418274,345447,A,1.0,1.0,True,True
567576,345448,A,1.0,1.0,True,True
1326378,345449,A,1.0,1.0,True,True
1418543,345450,A,1.0,1.0,True,True
801414,345457,A,1.0,1.0,True,True
425569,345458,A,1.0,1.0,True,False
801422,345460,A,1.0,1.0,True,True
1289321,345463,A,1.0,1.0,True,True
1089125,345468,A,1.0,1.0,True,True
1255631,345471,A,1.0,1.0,True,True
1285506,345472,A,1.0,1.0,True,True
1418545,345473,A,1.0,1.0,True,True
1418268,345477,A,1.0,1.0,True,True
676486,345478,A,1.0,1.0,True,True
554828,345487,A,1.0,1.0,True,True
1294332,345489,A,1.0,1.0,True,True
575844,345490,A,1.0,1.0,True,True
555177,345491,A,1.0,1.0,True,True
1070848,345493,A,1.0,1.0,True,True
1254772,345494,A,1.0,1.0,True,True
1520266,345496,A,1.0,1.0,True,True
1326392,345499,A,0.75,1.0,True,True
860547,345501,A,1.0,1.0,True,True
564165,345502,A,1.0,1.0,True,True
801420,345505,A,1.0,1.0,True,True
1459825,345507,A,1.0,1.0,True,True
1452556,345510,A,1.0,1.0,True,True
555040,345513,A,1.0,1.0,True,True
201802,345514,A,1.0,1.0,True,True
923220,345515,A,1.0,1.0,True,True
657826,345516,A,1.0,1.0,True,True
1438972,345518,A,1.0,1.0,True,True
1264180,345519,A,1.0,1.0,True,True
1294304,345522,A,1.0,1.0,True,True
1294329,345523,A,1.0,0.929,True,True
801418,345526,A,1.0,1.0,True,True
850068,345531,A,0.941,1.0,True,False
1254781,345537,A,1.0,1.0,True,True
1149029,345541,A,1.0,1.0,True,True
273803,345548,A,1.0,1.0,True,True
1294271,345549,A,1.0,1.0,True,True
1446214,345550,A,1.0,1.0,True,True
628272,345553,A,1.0,1.0,True,True
1466080,345554,A,1.0,1.0,True,True
1295615,345558,A,0.951,1.0,True,True
1295644,345561,A,0.643,1.0,True,True
550006,345562,A,1.0,0.945,True,True
1208175,345565,A,1.0,1.0,True,True
1528999,345566,A,0.864,1.0,True,True
1523038,345567,A,1.0,0.923,True,True
587029,345569,A,1.0,1.0,True,True
801426,345570,A,1.0,1.0,True,True
1495907,345571,A,1.0,1.0,True,True
1539557,355024,A,1.0,1.0,True,True
881525,355033,A,0.963,1.0,True,True
1074451,355036,A,1.0,1.0,True,True
934644,355038,A,0.952,1.0,True,True
911948,355039,A,1.0,1.0,True,True
1251428,355040,A,1.0,0.897,True,True
278281,355047,A,0.872,1.0,True,True
1080214,355049,A,1.0,1.0,True,True
1064963,355053,A,1.0,1.0,True,True
1125350,355057,A,1.0,1.0,True,True
1074241,355058,A,1.0,1.0,True,True
1148212,355060,A,0.857,1.0,True,True
121622,355063,A,0.941,1.0,True,True
877740,355064,A,1.0,1.0,True,True
1379795,355066,A,1.0,1.0,True,True
856930,355069,A,1.0,1.0,True,True
282501,355070,A,1.0,1.0,True,True
1275538,355074,A,1.0,1.0,True,True
1194389,355077,A,1.0,1.0,True,True
342658,355078,A,1.0,1.0,True,True
1447581,355079,A,1.0,1.0,True,True
798928,355082,A,1.0,1.0,True,True
1268435,355084,A,1.0,1.0,True,True
299341,355086,A,1.0,1.0,True,True
1450835,355090,A,0.96,1.0,True,True
1379479,355092,A,1.0,1.0,True,True
1440246,355104,A,1.0,1.0,True,True
1148094,355106,A,1.0,0.889,True,True
800807,355108,A,1.0,1.0,True,True
1537218,355109,A,1.0,1.0,True,True
695547,355116,A,1.0,1.0,True,True
902306,355122,A,1.0,1.0,True,True
299305,355123,A,1.0,1.0,True,True
856832,355124,A,0.9,1.0,True,True
857028,355127,A,1.0,1.0,True,True
1103011,355128,A,1.0,0.919,True,True
1254663,355129,A,1.0,1.0,True,True
1453922,365006,A,1.0,1.0,True,True
1448789,365030,A,0.667,0.968,True,True
1453778,365033,A,1.0,1.0,True,True
1071139,365045,A,1.0,1.0,True,True
959891,365071,A,1.0,1.0,True,True
1257880,365072,A,1.0,1.0,True,True
1400429,365081,A,1.0,1.0,True,True
1522045,365084,A,1.0,1.0,True,True
1449333,365088,A,1.0,1.0,True,True
1400251,365093,A,1.0,1.0,True,True
808583,365101,A,1.0,1.0,True,True
1355884,365109,A,1.0,1.0,True,True
1454502,365134,A,1.0,1.0,True,True
1305310,365162,A,1.0,1.0,True,True
282644,365163,A,1.0,1.0,True,True
1400412,365178,A,1.0,1.0,True,True
1134423,365186,A,0.7,1.0,True,True
1400404,365192,A,1.0,1.0,True,True
927375,365195,A,1.0,1.0,True,True
1400419,365196,A,1.0,0.857,True,True
646004,365202,A,1.0,1.0,True,True
1520668,365209,A,1.0,1.0,True,True
959885,365215,A,1.0,1.0,True,True
1279076,365221,A,1.0,1.0,True,True
912600,365222,A,1.0,1.0,True,True
912054,365232,A,0.971,1.0,True,True
815916,365236,A,1.0,1.0,True,True
955574,365238,A,1.0,1.0,True,True
1503008,365246,A,1.0,1.0,True,True
912603,365256,A,1.0,1.0,True,True
78312,365265,A,1.0,1.0,True,True
826994,365268,A,1.0,1.0,True,True
268876,365269,A,1.0,1.0,True,True
861299,365271,A,1.0,1.0,True,True
1503393,365275,A,0.947,1.0,True,True
1400386,365284,A,1.0,1.0,True,True
161553,365286,A,1.0,1.0,True,True
1435318,365287,A,1.0,1.0,True,True
942876,365289,A,1.0,0.923,True,True
1400407,365292,A,1.0,0.889,True,True
1083559,365293,A,1.0,1.0,True,True
558472,365298,A,0.789,0.93,True,True
1272274,365300,A,1.0,1.0,True,True
1400378,365304,A,1.0,1.0,True,True
1501805,365305,A,1.0,1.0,True,True
1442058,365306,A,1.0,1.0,True,True
942775,365317,A,1.0,1.0,True,True
1113081,365318,A,0.986,1.0,True,True
1083563,365321,A,1.0,1.0,True,True
1466162,365322,A,1.0,1.0,True,True
287819,365323,A,0.75,0.976,True,True
646000,365327,A,1.0,1.0,True,True
1117865,365331,A,1.0,1.0,True,True
558113,365336,A,1.0,1.0,True,True
90817,365337,A,1.0,0.865,True,True
1498009,365341,A,0.818,1.0,True,True
1452860,365343,A,1.0,1.0,True,True
687918,365348,A,1.0,1.0,True,True
1446817,365354,A,1.0,0.897,True,True
1462269,365361,A,1.0,0.944,True,True
1431507,365363,A,1.0,1.0,True,True
851061,365365,A,1.0,1.0,True,True
700103,365375,A,1.0,1.0,True,True
1522613,365377,A,1.0,1.0,True,True
912601,365379,A,1.0,1.0,True,True
1527368,365381,A,1.0,1.0,True,True
109561,365387,A,1.0,1.0,True,True
912605,365389,A,1.0,0.889,True,True
1063368,365394,A,1.0,1.0,True,True
1495634,365396,A,1.0,1.0,True,True
930532,365402,A,1.0,1.0,True,True
912594,365404,A,1.0,1.0,True,True
1508697,365405,A,1.0,0.963,True,True
109601,365407,A,1.0,1.0,True,True
687909,365408,A,1.0,1.0,True,True
920934,365411,A,1.0,1.0,True,True
418924,365418,A,1.0,1.0,True,True
1349532,365421,A,1.0,1.0,True,True
1471781,365425,A,1.0,0.963,True,True
687966,365426,A,1.0,1.0,True,True
325514,365433,A,1.0,1.0,True,True
927166,365435,A,1.0,1.0,True,True
1479988,365440,A,1.0,1.0,True,True
912611,365443,A,1.0,1.0,True,True
1265417,365445,A,1.0,1.0,True,True
1096105,365446,A,1.0,0.889,True,True
687946,365450,A,1.0,1.0,True,True
1400411,365455,A,1.0,1.0,True,True
912610,365457,A,1.0,1.0,True,True
457243,365461,A,1.0,0.897,True,True
1304519,365462,A,1.0,1.0,True,True
912590,365466,A,1.0,1.0,True,True
163186,365469,A,1.0,1.0,True,True
687896,365474,A,1.0,1.0,True,True
1558449,365476,A,1.0,1.0,True,True
883548,365480,A,1.0,1.0,True,True
1298900,365481,A,1.0,1.0,True,True
1436194,365482,A,1.0,0.88,True,True
558117,365485,A,1.0,1.0,True,True
1279438,365492,A,1.0,1.0,True,True
1400390,365495,A,1.0,0.97,True,True
687970,365496,A,1.0,1.0,True,True
953115,365497,A,1.0,1.0,True,False
1400354,365514,A,1.0,1.0,True,True
558166,365517,A,1.0,1.0,True,True
1193216,365520,A,1.0,1.0,True,True
687941,365523,A,1.0,1.0,True,True
1211745,365532,A,1.0,1.0,True,True
1506412,365535,A,1.0,0.923,True,True
1451067,365550,A,1.0,0.974,True,True
421783,365551,A,1.0,1.0,True,True
912587,365552,A,1.0,1.0,True,True
1448333,365554,A,1.0,1.0,True,True
325513,365555,A,1.0,0.923,True,True
1469388,365558,A,1.0,1.0,True,True
1446026,365563,A,1.0,1.0,True,True
1266624,365566,A,0.727,0.897,True,True
388259,365567,A,1.0,1.0,True,True
916524,365570,A,1.0,1.0,True,True
98805,365574,A,1.0,1.0,True,True
1457437,365575,A,0.936,1.0,True,True
1517277,365578,A,1.0,1.0,True,True
558518,365580,A,1.0,1.0,True,True
901496,365585,A,1.0,0.905,True,True
801959,365586,A,1.0,1.0,True,True
456207,365588,A,1.0,0.929,True,True
645999,365597,A,0.821,1.0,True,True
912612,365598,A,1.0,1.0,True,True
1436452,365603,A,1.0,1.0,True,True
1453893,365606,A,1.0,1.0,True,True
1312302,365607,A,0.625,1.0,True,True
1063359,365608,A,1.0,1.0,True,True
1447757,365612,A,1.0,1.0,True,True
1356410,365615,A,0.812,0.929,True,True
1120754,365618,A,1.0,0.96,True,True
1519510,365619,A,1.0,1.0,True,True
1400414,365623,A,1.0,1.0,True,True
1523374,365624,A,1.0,1.0,True,True
1299017,365625,A,1.0,1.0,True,True
1371078,365626,A,1.0,1.0,True,True
912591,365627,A,1.0,1.0,True,True
1400388,365629,A,1.0,1.0,True,True
1445585,365632,A,1.0,1.0,True,True
1400380,365633,A,1.0,1.0,True,True
1135930,365639,A,1.0,1.0,True,True
1114721,365643,A,1.0,1.0,True,True
1441868,365644,A,1.0,1.0,True,True
1135910,365646,A,0.968,1.0,True,True
1502468,365648,A,1.0,1.0,True,True
1371397,365652,A,1.0,1.0,True,True
540401,365654,A,1.0,1.0,True,True
912595,365656,A,1.0,1.0,True,True
109583,365663,A,1.0,1.0,True,True
866591,365665,A,1.0,1.0,True,True
265652,365671,A,1.0,1.0,True,True
1436711,365673,A,1.0,1.0,True,True
687931,365674,A,1.0,1.0,True,True
687936,365675,A,1.0,1.0,True,True
175348,365676,A,1.0,1.0,True,True
815077,365680,A,1.0,1.0,True,True
1148761,365681,A,1.0,1.0,True,True
1400382,365686,A,1.0,1.0,True,True
687924,365687,A,1.0,1.0,True,True
687915,365689,A,1.0,0.906,True,True
1308151,365691,A,1.0,1.0,True,True
45588,365693,A,0.984,1.0,True,True
325508,365695,A,1.0,1.0,True,True
1063364,365696,A,0.978,1.0,True,True
1400352,365704,A,1.0,1.0,True,True
1521827,365706,A,1.0,1.0,True,True
1100190,365707,A,1.0,1.0,True,True
1400376,365711,A,1.0,1.0,True,True
1446526,365712,A,1.0,1.0,True,True
1511713,365714,A,1.0,1.0,True,True
687960,365718,A,1.0,1.0,True,True
687955,365720,A,1.0,1.0,True,True
1400433,365722,A,0.976,1.0,True,True
1400418,365727,A,1.0,1.0,True,True
1507304,365731,A,1.0,1.0,True,True
1400358,365732,A,1.0,1.0,True,True
1066103,365733,A,1.0,1.0,True,True
1400374,365734,A,1.0,1.0,True,True
1280996,365737,A,1.0,1.0,True,True
1454085,365738,A,1.0,1.0,True,True
942805,365739,A,1.0,1.0,True,True
1530195,365740,A,1.0,1.0,True,True
1074544,365746,A,1.0,0.929,True,True
1063336,365747,A,1.0,1.0,True,True
707291,365750,A,1.0,1.0,True,True
1447484,365753,A,1.0,1.0,True,True
1513953,365754,A,1.0,1.0,True,True
1443367,365757,A,0.882,1.0,True,True
456242,365760,A,0.727,0.958,True,True
981069,365762,A,1.0,1.0,True,True
687923,365763,A,1.0,1.0,True,True
1406682,365764,A,1.0,1.0,True,True
325515,365766,A,1.0,1.0,True,True
109550,365769,A,1.0,1.0,True,True
1400384,365771,A,1.0,1.0,True,True
144592,365772,A,0.727,1.0,True,True
888571,365773,A,1.0,1.0,True,True
1014521,365776,A,1.0,0.973,True,True
1400434,365779,A,1.0,1.0,True,True
1352376,365784,A,1.0,1.0,True,True
199221,365789,A,1.0,1.0,True,True
199263,365791,A,1.0,1.0,True,True
934111,365798,A,0.778,1.0,True,True
1400399,365809,A,1.0,1.0,True,True
1400416,365811,A,1.0,1.0,True,True
955550,365812,A,1.0,1.0,True,True
1357902,365813,A,1.0,1.0,True,False
199309,365817,A,1.0,1.0,True,True
1528625,365818,A,1.0,0.897,True,True
1399061,365821,A,1.0,1.0,True,True
456484,365823,A,0.625,1.0,True,True
1519606,365830,A,1.0,1.0,True,True
1514023,365834,A,1.0,1.0,True,True
1506621,365837,A,1.0,1.0,True,True
1453758,365839,A,1.0,1.0,True,True
109609,365841,A,1.0,1.0,True,True
930864,365843,A,1.0,0.93,True,True
433276,365844,A,1.0,0.897,True,True
1400403,365853,A,1.0,1.0,True,True
1457130,365854,A,1.0,1.0,True,True
1447666,365858,A,1.0,1.0,True,True
1400428,365862,A,1.0,1.0,True,True
1424162,365864,A,1.0,1.0,True,True
1476777,365874,A,1.0,1.0,True,True
1476304,365875,A,1.0,1.0,True,True
1400420,365877,A,1.0,1.0,True,True
1244848,365879,A,1.0,1.0,True,True
929494,365883,A,1.0,1.0,True,True
1209576,365885,A,1.0,1.0,True,True
820232,365890,A,1.0,1.0,True,True
1082657,365891,A,1.0,1.0,True,True
1400360,365893,A,1.0,1.0,True,True
1270093,365896,A,1.0,1.0,True,True
457170,365906,A,1.0,1.0,True,True
1519765,365907,A,0.69,0.851,True,True
1095665,365911,A,1.0,1.0,True,True
1440964,365920,A,1.0,1.0,True,True
952207,365924,A,1.0,1.0,True,True
1400365,365925,A,1.0,1.0,True,True
1183672,365926,A,1.0,1.0,True,True
902132,365927,A,1.0,1.0,True,True
1498284,365928,A,1.0,1.0,True,True
1221200,365929,A,1.0,1.0,True,True
901508,365932,A,1.0,1.0,True,True
1110202,365937,A,1.0,1.0,True,True
1277395,365939,A,1.0,1.0,True,True
942736,365940,A,1.0,0.966,True,False
1108551,365947,A,1.0,1.0,True,True
1450066,365952,A,1.0,1.0,True,False
1024729,365961,A,1.0,1.0,True,True
942745,365969,A,1.0,1.0,True,True
1400369,365972,A,1.0,1.0,True,True
161472,365975,A,1.0,1.0,True,True
1372506,365976,A,1.0,1.0,True,True
282642,365978,A,1.0,1.0,True,True
1448008,365980,A,1.0,0.885,True,True
1135916,365984,A,1.0,1.0,True,True
195358,365988,A,1.0,1.0,True,True
1400350,365991,A,1.0,1.0,True,True
1434086,365993,A,1.0,0.872,True,True
1294344,365995,A,1.0,1.0,True,True
1445580,366000,A,1.0,1.0,True,True
1260972,366011,A,1.0,1.0,True,True
1259258,366016,A,0.974,1.0,True,True
1514934,366021,A,1.0,1.0,True,True
918972,366022,A,1.0,1.0,True,True
1280648,366027,A,1.0,0.85,True,True
1328709,366028,A,0.97,1.0,True,True
868689,366031,A,1.0,1.0,True,True
1435687,366036,A,1.0,1.0,True,True
1526785,366039,A,1.0,1.0,True,True
1177376,366042,A,1.0,1.0,True,True
945085,366060,A,1.0,1.0,True,True
456460,366067,A,0.625,1.0,True,True
1520212,366068,A,1.0,1.0,True,True
1451017,366073,A,1.0,0.929,True,True
1436733,366075,A,1.0,1.0,True,True
1077434,366076,A,1.0,0.882,True,True
912593,366078,A,1.0,1.0,True,True
1471811,366079,A,1.0,1.0,True,True
1148111,366080,A,0.933,1.0,True,True
990119,366081,A,1.0,1.0,True,True
1075886,366084,A,1.0,1.0,True,True
1339162,366088,A,0.8,1.0,True,True
325507,366092,A,1.0,1.0,True,True
913682,366093,A,1.0,0.938,True,True
1406716,366095,A,1.0,0.933,True,True
1400423,366096,A,1.0,1.0,True,True
167668,366103,A,1.0,1.0,True,True
1400422,366104,A,1.0,1.0,True,True
1315373,366106,A,1.0,1.0,True,True
564153,366108,A,1.0,1.0,True,True
1400395,366111,A,1.0,0.927,True,True
325510,366113,A,1.0,0.96,True,True
942750,366118,A,1.0,0.917,True,True
1519797,366120,A,1.0,1.0,True,True
797980,366122,A,1.0,1.0,True,True
544736,366123,A,1.0,1.0,True,True
1227775,366125,A,1.0,1.0,True,True
1148163,366127,A,1.0,0.944,True,True
1527603,366129,A,1.0,1.0,True,True
645998,366145,A,0.75,1.0,True,True
1558448,366150,A,1.0,1.0,True,True
799640,366152,A,1.0,1.0,True,True
1506532,366153,A,1.0,1.0,True,True
223748,366162,A,1.0,1.0,True,True
1337731,366169,A,1.0,1.0,True,True
199195,366170,A,1.0,1.0,True,True
1063357,366173,A,1.0,1.0,True,True
646002,366175,A,1.0,1.0,True,True
572957,366176,A,1.0,1.0,True,True
1257349,366177,A,1.0,1.0,True,True
866597,366179,A,1.0,1.0,True,True
1183678,366180,A,1.0,1.0,True,True
957020,366181,A,1.0,1.0,True,True
1276552,366185,A,1.0,1.0,True,True
1513885,366188,A,1.0,1.0,True,True
284392,366189,A,1.0,1.0,True,True
1535518,366190,A,1.0,1.0,True,True
796861,366191,A,1.0,1.0,True,True
1315258,366194,A,1.0,1.0,True,True
1444941,366196,A,1.0,1.0,True,True
1358477,366197,A,1.0,1.0,True,True
1252423,366198,A,1.0,1.0,True,True
1528133,366201,A,1.0,1.0,True,True
1493068,366208,A,1.0,1.0,True,True
1242298,366209,A,1.0,1.0,True,False
181630,366214,A,1.0,1.0,True,True
1436624,366215,A,1.0,1.0,True,True
221981,366218,A,1.0,1.0,True,True
109494,366221,A,1.0,1.0,True,False
920945,366222,A,1.0,0.903,True,True
1358503,366224,A,1.0,1.0,True,True
1520783,366229,A,1.0,1.0,True,True
1431717,366236,A,1.0,1.0,True,True
1501947,366238,A,1.0,1.0,True,True
1443616,366239,A,1.0,1.0,True,True
1244884,366244,A,1.0,1.0,True,True
194639,366246,A,0.75,1.0,True,True
187708,366248,A,1.0,1.0,True,True
923071,366251,A,1.0,1.0,True,True
114396,366252,A,1.0,1.0,True,True
1557982,366253,A,1.0,0.903,True,True
562460,366254,A,1.0,1.0,True,True
1400417,366256,A,1.0,1.0,True,True
558254,366258,A,0.789,1.0,True,True
192103,366260,A,1.0,0.909,True,True
1082323,366267,A,1.0,1.0,True,True
1451367,366271,A,1.0,1.0,True,True
1558446,366273,A,1.0,1.0,True,True
912597,366274,A,1.0,1.0,True,True
920950,366275,A,1.0,1.0,True,True
325519,366281,A,1.0,1.0,True,True
1063356,366285,A,1.0,1.0,True,True
1063446,366286,A,0.977,1.0,True,True
558115,366288,A,1.0,1.0,True,True
560974,366297,A,1.0,1.0,True,True
1299611,366298,A,1.0,1.0,True,True
1557974,366299,A,1.0,1.0,True,True
1221233,366303,A,1.0,1.0,True,True
1135906,366305,A,1.0,1.0,True,True
1401607,366312,A,1.0,1.0,True,True
1270487,366316,A,1.0,1.0,True,True
1462516,366320,A,1.0,1.0,True,True
1413985,366323,A,1.0,1.0,True,True
522132,366329,A,0.96,1.0,True,True
1253013,366332,A,1.0,1.0,True,True
1338058,366333,A,1.0,0.857,True,True
1471802,366335,A,1.0,1.0,True,True
287829,366340,A,0.778,1.0,True,True
1415971,366342,A,1.0,1.0,True,True
1258613,366347,A,1.0,1.0,True,True
1022719,366352,A,1.0,1.0,True,True
1454125,366362,A,1.0,1.0,True,True
912596,366363,A,1.0,1.0,True,True
109480,366364,A,1.0,0.933,True,True
109576,366365,A,1.0,0.938,True,True
165588,366366,A,1.0,1.0,True,True
1446973,366367,A,1.0,1.0,True,True
1444606,366369,A,1.0,1.0,True,True
1442533,366370,A,1.0,1.0,True,True
964104,366372,A,1.0,1.0,True,True
325512,366375,A,1.0,1.0,True,True
885035,366378,A,1.0,1.0,True,True
1291337,366380,A,1.0,1.0,True,True
1424722,366381,A,1.0,1.0,True,True
1029985,366382,A,1.0,1.0,True,True
109454,366384,A,1.0,1.0,True,True
1264009,366387,A,1.0,1.0,True,True
709472,366388,A,1.0,0.913,True,True
1400397,366389,A,1.0,1.0,True,True
1448641,366391,A,1.0,1.0,True,True
1451707,366394,A,1.0,1.0,True,True
912586,366396,A,1.0,1.0,True,True
1451475,366400,A,1.0,0.977,True,True
1447278,366404,A,1.0,0.933,True,True
114366,366406,A,1.0,0.941,True,True
880763,366407,A,0.632,1.0,True,True
1139389,366409,A,1.0,0.903,True,True
107714,366413,A,1.0,1.0,True,True
1535934,366416,A,0.811,0.941,True,True
109534,366423,A,1.0,1.0,True,True
920929,366425,A,1.0,1.0,True,True
1425885,366426,A,1.0,1.0,True,True
1442106,366429,A,1.0,1.0,True,True
1453968,366433,A,1.0,1.0,True,True
1446622,366437,A,1.0,1.0,True,True
540405,366442,A,0.96,1.0,True,True
456230,366443,A,1.0,1.0,True,True
1466322,366444,A,1.0,1.0,True,True
858538,366446,A,1.0,1.0,True,True
920938,366447,A,1.0,1.0,True,True
1258236,366449,A,1.0,1.0,True,True
364271,366450,A,1.0,1.0,True,True
558479,366453,A,1.0,1.0,True,True
1440727,366454,A,1.0,1.0,True,True
1454606,366455,A,1.0,1.0,True,True
1463496,366456,A,1.0,1.0,True,True
912598,366457,A,1.0,1.0,True,True
1534463,366458,A,0.846,1.0,True,True
457572,366459,A,1.0,1.0,True,True
325518,366460,A,1.0,0.903,True,True
1508705,366461,A,1.0,1.0,True,True
1137262,366463,A,1.0,1.0,True,True
480031,366464,A,1.0,1.0,True,True
814922,366466,A,1.0,0.944,True,True
1538115,366467,A,1.0,1.0,True,True
1497411,366468,A,1.0,1.0,True,True
1185187,366472,A,1.0,1.0,True,True
616502,366473,A,1.0,1.0,True,True
616517,366474,A,1.0,1.0,True,True
616547,366475,A,0.919,0.974,True,True
942885,366476,A,1.0,1.0,True,True
1442771,366477,A,0.821,1.0,True,True
1024030,366478,A,1.0,1.0,True,True
1432605,366479,A,1.0,1.0,True,True
738660,366480,A,1.0,1.0,True,True
912602,366481,A,1.0,1.0,True,True
1508686,366482,A,1.0,1.0,True,True
1036349,366483,A,1.0,1.0,True,True
1444734,366484,A,1.0,1.0,True,True
1184245,366487,A,1.0,1.0,True,True
1036481,366490,A,1.0,1.0,True,True
1277215,366491,A,1.0,1.0,True,True
1036364,366492,A,1.0,1.0,True,True
987142,366494,A,1.0,1.0,True,True
1378875,366495,A,1.0,1.0,True,True
1465464,366498,A,1.0,1.0,True,True
1465513,366499,A,1.0,1.0,True,True
1443604,375094,A,0.64,0.909,True,True
1443625,375098,A,1.0,1.0,True,True
921996,375106,A,1.0,0.88,True,True
921975,375107,A,1.0,0.889,True,True
922206,375113,A,1.0,1.0,True,True
921893,375122,A,1.0,1.0,True,True
174362,375123,A,1.0,1.0,True,True
922205,375124,A,1.0,0.897,True,False
174373,375132,A,1.0,1.0,True,True
1558455,375135,A,0.727,0.867,True,True
921860,375141,A,1.0,0.923,True,True
921966,375144,A,1.0,1.0,True,False
922224,375148,A,1.0,0.889,True,True
1498535,375150,A,1.0,1.0,True,True
921933,375151,A,1.0,1.0,True,True
922208,375155,A,1.0,1.0,True,True
921909,375158,A,1.0,1.0,True,True
1263496,375168,A,1.0,1.0,True,True
1432381,375172,A,1.0,0.875,True,True
921937,375178,A,1.0,0.88,True,True
922204,375185,A,1.0,1.0,True,True
921944,375186,A,1.0,1.0,True,True
921916,375189,A,1.0,1.0,True,True
1475544,375206,A,1.0,0.909,True,True
921958,375207,A,1.0,0.857,True,True
921935,375209,A,1.0,1.0,True,True
301823,375317,A,1.0,1.0,True,False
114919,375324,A,1.0,1.0,True,True
1424940,375346,A,1.0,1.0,True,True
922210,375358,A,1.0,0.857,True,False
1370737,375362,A,1.0,1.0,True,True
921903,375375,A,1.0,1.0,True,True
981390,375381,A,1.0,1.0,True,True
922212,375383,A,1.0,1.0,True,True
235690,375388,A,1.0,0.88,True,True
1092134,375397,A,1.0,0.909,True,True
1424263,375404,A,0.909,1.0,True,True
1306283,375412,A,1.0,0.882,True,True
1089841,375414,A,1.0,1.0,True,True
1444497,375417,A,1.0,0.903,True,True
1090787,375420,A,1.0,1.0,True,True
1089312,375423,A,1.0,0.903,True,True
172670,375427,A,1.0,1.0,True,True
161037,375432,A,1.0,0.897,True,False
98253,375436,A,1.0,0.857,True,True
147561,375439,A,1.0,1.0,True,True
922220,375446,A,1.0,1.0,True,True
804785,375457,A,1.0,0.88,True,True
972257,375461,A,1.0,1.0,True,True
167934,375474,A,1.0,1.0,True,True
1247781,375485,A,1.0,1.0,True,True
1247591,375487,A,1.0,1.0,True,True
1280301,375488,A,1.0,1.0,True,False
1491503,375490,A,1.0,0.857,True,True
922003,375494,A,1.0,1.0,True,True
922241,375498,A,1.0,1.0,True,True
1428020,375505,A,1.0,1.0,True,True
922217,375508,A,1.0,1.0,True,True
408537,375514,A,1.0,1.0,True,True
1197971,375524,A,1.0,1.0,True,True
884337,375536,A,0.667,1.0,True,True
883649,375546,A,0.8,1.0,True,True
972206,375549,A,0.792,1.0,True,True
922245,375561,A,1.0,0.933,True,True
881074,375570,A,0.8,1.0,True,True
922237,375577,A,1.0,0.875,True,True
1432377,375579,A,1.0,1.0,True,True
922233,375580,A,1.0,1.0,True,True
1456414,375581,A,1.0,0.941,True,True
1455997,385010,A,1.0,1.0,True,True
818056,385015,A,1.0,1.0,True,True
1524364,385018,A,1.0,1.0,True,True
1285557,385024,A,1.0,1.0,True,True
1502227,385044,A,1.0,1.0,True,True
1503309,385045,A,1.0,1.0,True,True
1187309,385046,A,1.0,1.0,True,True
1451408,385049,A,1.0,1.0,True,True
1275214,385053,A,1.0,1.0,True,True
837837,385064,A,1.0,1.0,True,True
1330119,385068,A,1.0,1.0,True,True
1502532,385104,A,1.0,1.0,True,True
1317205,385112,A,1.0,1.0,True,True
1069057,385125,A,1.0,1.0,True,True
1470361,385132,A,1.0,1.0,True,True
1410169,385133,A,0.667,1.0,True,True
1454551,385137,A,1.0,1.0,True,True
1493801,385138,A,1.0,1.0,True,True
1456018,385141,A,1.0,1.0,True,True
1261712,385142,A,1.0,0.923,True,True
1523785,385144,A,1.0,1.0,True,True
1410167,385147,A,0.727,1.0,True,True
1107353,385151,A,1.0,1.0,True,True
1237065,385157,A,1.0,0.909,True,True
1177831,385161,A,1.0,1.0,True,True
1129254,385164,A,1.0,1.0,True,True
1410166,385165,A,0.615,1.0,True,True
1081373,385166,A,1.0,1.0,True,True
1470784,385168,A,1.0,0.857,True,True
1508225,385171,A,1.0,1.0,True,True
1229395,385172,A,1.0,1.0,True,True
1121425,385180,A,1.0,1.0,True,True
1256981,385183,A,1.0,1.0,True,True
817708,385185,A,1.0,1.0,True,True
1502089,385187,A,1.0,1.0,True,True
1229403,385188,A,1.0,1.0,True,True
121614,385189,A,1.0,1.0,True,True
1522145,385195,A,1.0,1.0,True,True
1282557,385203,A,1.0,0.903,True,True
1197333,385204,A,1.0,1.0,True,True
1149738,385208,A,1.0,0.897,True,False
1315331,385211,A,1.0,1.0,True,True
1452773,385214,A,1.0,1.0,True,True
1238670,385217,A,1.0,1.0,True,True
1123851,385218,A,1.0,1.0,True,True
1434735,385221,A,1.0,1.0,True,True
1178186,385224,A,1.0,1.0,True,True
1313560,385228,A,1.0,1.0,True,True
1444298,385229,A,1.0,1.0,True,True
941180,385230,A,1.0,1.0,True,True
951956,385232,A,1.0,1.0,True,True
1264379,385233,A,1.0,1.0,True,True
1522146,385234,A,1.0,1.0,True,True
849870,385239,A,1.0,1.0,True,True
918762,385251,A,0.615,0.87,True,True
1522144,385253,A,1.0,1.0,True,True
1451746,385257,A,1.0,1.0,True,True
1446293,385260,A,1.0,0.87,True,True
934637,385261,A,1.0,1.0,True,True
1451522,385263,A,1.0,1.0,True,True
1410188,385264,A,0.75,1.0,True,True
1434180,385266,A,1.0,1.0,True,True
1287954,385279,A,1.0,1.0,True,True
1403251,385283,A,1.0,1.0,True,True
1452529,38A026,A,1.0,1.0,True,True
1091313,38E075,A,1.0,1.0,True,True
1401961,38E173,A,1.0,0.897,True,True
1410150,38E174,A,1.0,1.0,True,True
1430020,395001,A,1.0,1.0,True,True
1373761,395003,A,1.0,1.0,True,True
409312,395006,A,1.0,1.0,True,True
1437691,395016,A,1.0,1.0,True,True
989324,395018,A,1.0,1.0,True,True
41940,395019,A,1.0,1.0,True,True
1558284,395023,A,1.0,1.0,True,True
1454656,395031,A,1.0,1.0,True,True
199012,395032,A,1.0,1.0,True,True
1463572,395037,A,1.0,1.0,True,True
1454647,395045,A,1.0,1.0,True,True
1290925,395050,A,1.0,0.938,True,True
1423609,395074,A,1.0,0.88,True,True
414655,395075,A,1.0,1.0,True,True
1558183,395080,A,1.0,0.933,True,True
1030131,395101,A,1.0,1.0,True,True
1421752,395103,A,1.0,1.0,True,True
225143,395105,A,1.0,1.0,True,True
1316474,395118,A,1.0,1.0,True,True
1538127,395121,A,1.0,1.0,True,True
921329,395123,A,1.0,1.0,True,True
477563,395134,A,1.0,1.0,True,True
553528,395138,A,1.0,1.0,True,True
1317410,395146,A,0.769,1.0,True,True
1305140,395158,A,1.0,1.0,True,True
1429978,395164,A,1.0,1.0,True,True
820858,395171,A,1.0,0.933,True,False
144489,395176,A,1.0,1.0,True,True
1413656,395177,A,1.0,1.0,True,True
1381820,395182,A,1.0,0.872,True,True
1456771,395197,A,1.0,0.944,True,True
1494138,395199,A,1.0,1.0,True,True
1303730,395200,A,1.0,1.0,True,True
195480,395202,A,1.0,1.0,True,True
899149,395205,A,1.0,1.0,True,True
1423611,395224,A,1.0,1.0,True,True
697147,395227,A,1.0,1.0,True,True
1284867,395237,A,1.0,1.0,True,True
1484891,395243,A,1.0,1.0,True,True
924778,395250,A,1.0,1.0,True,True
1304453,395252,A,1.0,1.0,True,True
619677,395259,A,1.0,1.0,True,True
1511146,395260,A,1.0,1.0,True,True
1244687,395264,A,1.0,1.0,True,True
1464728,395270,A,1.0,1.0,True,True
1442514,395273,A,1.0,1.0,True,True
1235136,395278,A,1.0,1.0,True,True
104882,395282,A,1.0,1.0,True,True
969393,395286,A,1.0,1.0,True,True
1369154,395295,A,1.0,1.0,True,True
1453234,395297,A,1.0,1.0,True,True
1336206,395305,A,1.0,1.0,True,True
1474362,395309,A,1.0,1.0,True,True
1370044,395311,A,1.0,0.941,True,True
1401417,395313,A,0.96,0.979,True,True
432804,395318,A,1.0,1.0,True,True
556818,395325,A,1.0,1.0,True,True
1472805,395332,A,1.0,1.0,True,True
1492849,395335,A,1.0,1.0,True,True
66886,395341,A,1.0,1.0,True,True
1479981,395342,A,1.0,1.0,True,True
810028,395343,A,0.615,1.0,True,True
1472142,395344,A,1.0,1.0,True,True
1472363,395348,A,1.0,1.0,True,True
1418457,395350,A,1.0,1.0,True,True
1467847,395351,A,1.0,1.0,True,True
154249,395352,A,1.0,1.0,True,True
1272097,395355,A,1.0,1.0,True,True
1463591,395359,A,1.0,1.0,True,True
1313774,395363,A,1.0,1.0,True,True
1459605,395364,A,1.0,1.0,True,True
1501711,395365,A,1.0,1.0,True,True
1120364,395370,A,1.0,0.947,True,True
971517,395371,A,0.75,1.0,True,True
972261,395372,A,1.0,1.0,True,True
1259092,395382,A,1.0,1.0,True,True
1532637,395395,A,1.0,1.0,True,True
1467381,395397,A,1.0,1.0,True,True
1423607,395400,A,1.0,1.0,True,True
1473421,395402,A,1.0,1.0,True,True
1210553,395403,A,1.0,1.0,True,True
742877,395404,A,1.0,1.0,True,True
1468743,395405,A,1.0,1.0,True,False
1473120,395408,A,1.0,1.0,True,True
1316436,395410,A,1.0,1.0,True,True
1418471,395422,A,1.0,1.0,True,True
1455552,395426,A,1.0,1.0,True,True
1473571,395429,A,1.0,1.0,True,True
1506981,395434,A,1.0,1.0,True,True
1473580,395440,A,1.0,1.0,True,True
1477283,395442,A,1.0,1.0,True,True
233941,395445,A,1.0,0.909,True,True
1467747,395449,A,1.0,1.0,True,True
1479317,395451,A,1.0,1.0,True,True
1498257,395454,A,1.0,1.0,True,True
1450305,395456,A,1.0,1.0,True,True
1469924,395469,A,1.0,1.0,True,True
1070920,395474,A,1.0,1.0,True,True
1473918,395477,A,1.0,1.0,True,True
1490126,395481,A,1.0,1.0,True,True
688020,395483,A,1.0,0.882,True,True
1501760,395485,A,1.0,1.0,True,True
1285794,395489,A,1.0,1.0,True,True
1506196,395491,A,1.0,1.0,True,True
1473354,395493,A,0.812,1.0,True,True
1186233,395494,A,1.0,0.884,True,True
1503665,395499,A,1.0,1.0,True,True
1423610,395500,A,1.0,1.0,True,True
961984,395509,A,1.0,1.0,True,True
1466368,395512,A,1.0,1.0,True,True
1473300,395514,A,1.0,1.0,True,True
1471423,395524,A,1.0,1.0,True,True
1528287,395525,A,1.0,1.0,True,True
1474090,395527,A,1.0,1.0,True,True
971514,395534,A,0.75,1.0,True,True
1463911,395540,A,1.0,1.0,True,True
1490505,395541,A,1.0,1.0,True,True
923227,395554,A,1.0,1.0,True,True
1477139,395555,A,1.0,1.0,True,True
922816,395556,A,1.0,1.0,True,True
1444953,395562,A,1.0,1.0,True,True
922122,395563,A,1.0,1.0,True,True
1513924,395567,A,1.0,1.0,True,True
1527225,395572,A,1.0,1.0,True,True
296148,395582,A,1.0,1.0,True,True
1444647,395588,A,1.0,0.857,True,True
1450225,395590,A,1.0,1.0,True,True
1486071,395595,A,1.0,1.0,True,True
1478123,395596,A,1.0,1.0,True,True
1453257,395607,A,1.0,1.0,True,True
1462469,395610,A,1.0,0.963,True,True
1423608,395613,A,1.0,0.976,True,False
924698,395614,A,1.0,1.0,True,True
837579,395619,A,1.0,1.0,True,True
1261372,395620,A,1.0,1.0,True,True
1225160,395621,A,1.0,1.0,True,True
1512082,395623,A,1.0,1.0,True,True
1326859,395624,A,1.0,1.0,True,True
961074,395625,A,1.0,1.0,True,True
998227,395626,A,1.0,1.0,True,True
1093196,395629,A,1.0,1.0,True,True
1230125,395631,A,1.0,0.977,True,True
918301,395645,A,1.0,1.0,True,True
1472660,395646,A,1.0,1.0,True,True
1454101,395650,A,1.0,1.0,True,True
1474345,395660,A,1.0,1.0,True,True
1022560,395662,A,1.0,1.0,True,True
1450208,395670,A,1.0,1.0,True,True
158285,395671,A,0.818,1.0,True,True
742880,395672,A,1.0,1.0,True,True
1251365,395678,A,1.0,1.0,True,True
1467413,395679,A,1.0,1.0,True,True
1102000,395684,A,0.833,1.0,True,True
1494112,395685,A,1.0,1.0,True,True
688046,395690,A,1.0,1.0,True,True
1423612,395691,A,1.0,1.0,True,True
52019,395692,A,1.0,1.0,True,True
919329,395699,A,1.0,1.0,True,True
1423604,395701,A,1.0,1.0,True,True
1270195,395702,A,1.0,1.0,True,True
409306,395704,A,1.0,0.963,True,True
71520,395705,A,1.0,1.0,True,True
1442523,395706,A,1.0,0.889,True,True
1279604,395708,A,1.0,1.0,True,True
820825,395710,A,1.0,1.0,True,True
893215,395711,A,1.0,1.0,True,True
1095685,395715,A,1.0,1.0,True,True
1089305,395720,A,1.0,1.0,True,False
1099036,395726,A,1.0,1.0,True,True
1462324,395728,A,1.0,1.0,True,True
426279,395729,A,1.0,1.0,True,True
1442434,395730,A,1.0,1.0,True,True
1517686,395732,A,1.0,1.0,True,True
1473514,395733,A,1.0,1.0,True,True
225037,395735,A,1.0,1.0,True,True
1006306,395740,A,1.0,1.0,True,True
1448550,395742,A,1.0,1.0,True,True
1472121,395746,A,1.0,1.0,True,True
1435216,395756,A,1.0,1.0,True,True
1448007,395757,A,0.8,1.0,True,True
920135,395758,A,0.7,1.0,True,True
1194051,395760,A,1.0,1.0,True,False
1102796,395773,A,1.0,1.0,True,True
969222,395785,A,1.0,1.0,True,True
953844,395787,A,0.786,1.0,True,True
1516800,395791,A,1.0,1.0,True,True
1447120,395795,A,1.0,1.0,True,True
1468459,395796,A,1.0,1.0,True,True
1528703,395812,A,1.0,1.0,True,True
1029207,395815,A,1.0,1.0,True,True
1227725,395817,A,1.0,1.0,True,True
659313,395821,A,1.0,1.0,True,True
873713,395823,A,1.0,1.0,True,True
1538905,395826,A,1.0,1.0,True,True
1423613,395831,A,1.0,1.0,True,True
1433969,395833,A,1.0,1.0,True,True
1467603,395834,A,1.0,1.0,True,True
128582,395838,A,1.0,1.0,True,True
185008,395845,A,1.0,0.914,True,True
1457755,395846,A,1.0,1.0,True,True
1049001,395847,A,0.829,1.0,True,True
1495609,395851,A,1.0,1.0,True,True
1446506,395868,A,1.0,1.0,True,True
1035327,395870,A,1.0,1.0,True,True
234617,395872,A,1.0,1.0,True,True
925403,395875,A,1.0,1.0,True,True
735391,395878,A,1.0,1.0,True,True
1373821,395879,A,1.0,1.0,True,True
158622,395882,A,1.0,1.0,True,True
980330,395891,A,1.0,1.0,True,True
1469340,395892,A,1.0,1.0,True,True
1431117,395899,A,1.0,1.0,True,True
1285257,395903,A,1.0,1.0,True,True
1479953,395904,A,1.0,1.0,True,True
1035211,395906,A,0.769,1.0,True,True
1128545,395908,A,1.0,0.919,True,True
1227795,395909,A,1.0,1.0,True,True
1517200,395912,A,1.0,1.0,True,True
1467451,395913,A,0.8,1.0,True,True
1459514,395917,A,1.0,1.0,True,True
1423079,395923,A,1.0,1.0,True,True
1466246,395938,A,1.0,1.0,True,True
804514,395939,A,1.0,1.0,True,True
1456108,395953,A,1.0,1.0,True,True
279175,395983,A,1.0,1.0,True,True
1129093,395984,A,1.0,1.0,True,True
1124917,395985,A,1.0,1.0,True,True
279208,395989,A,0.69,1.0,True,True
310795,395996,A,1.0,1.0,True,True
808909,395998,A,1.0,1.0,True,True
1505286,396003,A,1.0,1.0,True,True
1473397,396009,A,1.0,1.0,True,True
1474283,396017,A,1.0,1.0,True,True
995593,396026,A,1.0,0.929,True,True
1296379,396049,A,1.0,1.0,True,True
1455296,396058,A,1.0,1.0,True,True
980768,396059,A,0.72,1.0,True,True
1445029,396063,A,1.0,1.0,True,True
67486,396064,A,1.0,1.0,True,False
1508321,396066,A,1.0,1.0,True,True
1263590,396067,A,1.0,1.0,True,True
1443212,396071,A,1.0,1.0,True,True
1363907,396075,A,1.0,1.0,True,False
1204116,396077,A,1.0,1.0,True,True
1462315,396081,A,1.0,1.0,True,True
982480,396089,A,0.6,1.0,True,True
310780,396105,A,1.0,1.0,True,True
1029764,396106,A,1.0,1.0,True,True
989307,396108,A,1.0,1.0,True,True
1207930,396128,A,1.0,1.0,True,True
1455992,396130,A,0.947,1.0,True,True
1035625,396132,A,1.0,1.0,True,True
1101947,396137,A,1.0,1.0,True,True
1102337,396138,A,1.0,1.0,True,True
1426821,396143,A,1.0,0.875,True,True
1501753,396144,A,1.0,1.0,True,True
853731,396148,A,1.0,1.0,True,True
1512200,396150,A,0.968,0.976,True,True
1464701,415009,A,1.0,1.0,True,True
808787,415010,A,1.0,1.0,True,True
65480,415012,A,1.0,1.0,True,True
1493995,415020,A,1.0,1.0,True,True
1452399,415023,A,0.75,1.0,True,True
1498423,415034,A,1.0,1.0,True,True
820817,415035,A,1.0,1.0,True,True
1022237,415039,A,1.0,1.0,True,True
1281033,415044,A,1.0,1.0,True,True
1459771,415045,A,1.0,1.0,True,True
1470228,415061,A,1.0,1.0,True,True
1049897,415062,A,1.0,1.0,True,True
820802,415063,A,1.0,1.0,True,True
1322800,415064,A,1.0,1.0,True,True
900993,415070,A,1.0,1.0,True,True
1451210,415071,A,1.0,1.0,True,True
901256,415074,A,1.0,1.0,True,True
96922,415080,A,1.0,1.0,True,True
1006330,415081,A,1.0,1.0,True,True
1006223,415082,A,1.0,1.0,True,True
279163,415084,A,1.0,1.0,True,True
901418,415104,A,1.0,1.0,True,True
1411036,415106,A,0.833,1.0,True,True
1010904,415120,A,1.0,1.0,True,True
1455453,415123,A,1.0,1.0,True,True
1452037,425003,A,1.0,1.0,True,True
1518224,425004,A,1.0,1.0,True,True
1531543,425005,A,1.0,1.0,True,True
935044,425009,A,1.0,1.0,True,True
1256428,425012,A,1.0,1.0,True,False
1425051,425017,A,1.0,1.0,True,True
1446200,425024,A,1.0,1.0,True,True
1032439,425032,A,1.0,1.0,True,True
131449,425035,A,1.0,1.0,True,True
1211046,425042,A,1.0,1.0,True,True
678466,425052,A,1.0,1.0,True,True
1050020,425054,A,0.778,0.87,True,True
990770,425055,A,1.0,1.0,True,True
1182298,425064,A,1.0,1.0,True,True
1317547,425067,A,1.0,1.0,True,False
1425049,425068,A,1.0,1.0,True,True
943971,425071,A,1.0,1.0,True,True
1336862,425075,A,1.0,1.0,True,True
1425050,425077,A,1.0,1.0,True,True
1090961,425082,A,1.0,0.909,True,False
1501686,425084,A,1.0,0.884,True,True
1182277,425086,A,1.0,1.0,True,True
1425052,425088,A,1.0,1.0,True,True
1425057,425089,A,1.0,1.0,True,True
1372681,425090,A,1.0,0.957,True,True
1117284,425091,A,1.0,1.0,True,True
370108,425096,A,1.0,1.0,True,True
1500969,425102,A,1.0,1.0,True,False
992611,425104,A,1.0,1.0,True,True
1369090,425105,A,1.0,1.0,True,True
1336956,425110,A,1.0,1.0,True,True
1182291,425111,A,1.0,1.0,True,False
272754,425114,A,1.0,1.0,True,True
1209677,425115,A,1.0,0.867,True,True
1539092,425118,A,1.0,1.0,True,True
1524369,425121,A,1.0,1.0,True,True
1517962,425122,A,1.0,0.909,True,True
664970,425127,A,0.842,1.0,True,True
1425047,425128,A,1.0,1.0,True,True
1501881,425131,A,1.0,0.889,True,True
1500964,425138,A,1.0,1.0,True,True
1349344,425139,A,1.0,1.0,True,True
894876,425140,A,1.0,1.0,True,True
867887,425143,A,1.0,0.957,True,True
1285489,425147,A,1.0,1.0,True,True
1511154,425149,A,1.0,1.0,True,True
1531539,425154,A,1.0,1.0,True,True
62164,425155,A,1.0,1.0,True,True
97376,425156,A,1.0,1.0,True,True
1524429,425159,A,1.0,1.0,True,True
1371238,425165,A,1.0,1.0,True,True
1494045,425169,A,1.0,1.0,True,False
1281602,425170,A,1.0,1.0,True,True
1495885,425172,A,1.0,0.857,True,True
1473466,425173,A,1.0,1.0,True,True
1470631,425175,A,0.895,1.0,True,True
1182294,425176,A,1.0,1.0,True,True
1256436,425179,A,1.0,1.0,True,True
1522808,425287,A,1.0,0.966,True,True
1524483,425289,A,1.0,0.878,True,True
1425044,425290,A,1.0,1.0,True,False
1510094,425293,A,1.0,1.0,True,True
708767,425295,A,1.0,1.0,True,True
272752,425300,A,1.0,1.0,True,True
1494109,425302,A,1.0,1.0,True,True
835872,425303,A,1.0,1.0,True,True
1517536,425305,A,1.0,1.0,True,True
1333919,425308,A,1.0,1.0,True,True
1502619,425311,A,1.0,1.0,True,True
1517712,425316,A,1.0,0.909,True,True
498440,425320,A,1.0,1.0,True,False
740232,425322,A,1.0,1.0,True,True
1006073,425326,A,1.0,0.97,True,True
1413914,425332,A,1.0,1.0,True,True
679013,425333,A,1.0,1.0,True,True
944079,425337,A,1.0,1.0,True,True
1106691,425352,A,1.0,1.0,True,False
1237366,425359,A,0.778,1.0,True,True
1197409,425361,A,1.0,1.0,True,False
1336657,425362,A,1.0,0.958,True,True
1540096,425373,A,1.0,1.0,True,True
1524373,425379,A,1.0,1.0,True,True
363274,425381,A,1.0,1.0,True,True
915866,425386,A,0.615,0.966,True,True
1524245,425391,A,1.0,1.0,True,True
922986,425397,A,1.0,1.0,True,True
1529695,425407,A,1.0,1.0,True,True
1427933,425408,A,1.0,1.0,True,True
1029546,425412,A,1.0,1.0,True,True
1296380,425418,A,1.0,1.0,True,True
1102355,425419,A,1.0,1.0,True,True
556681,435004,A,1.0,1.0,True,True
555201,435020,A,1.0,1.0,True,True
1365053,435033,A,1.0,1.0,True,True
935830,435034,A,0.71,0.857,True,True
321219,435036,A,0.933,0.88,True,True
1365330,435037,A,1.0,0.889,True,True
550938,435039,A,1.0,1.0,True,True
1533275,435040,A,1.0,0.919,True,True
144298,435041,A,1.0,1.0,True,True
838226,435042,A,1.0,1.0,True,True
1247711,435043,A,1.0,1.0,True,True
1501660,435045,A,1.0,1.0,True,True
804597,435047,A,1.0,1.0,True,True
1535471,435051,A,1.0,1.0,True,True
1030927,435058,A,1.0,1.0,True,True
1494555,435060,A,1.0,0.909,True,True
553708,435064,A,1.0,1.0,True,True
109015,435066,A,1.0,1.0,True,True
1523473,435069,A,1.0,1.0,True,True
1457990,435074,A,1.0,1.0,True,True
930943,435075,A,1.0,1.0,True,True
838229,435078,A,1.0,1.0,True,True
916643,435084,A,1.0,1.0,True,True
1178001,435086,A,1.0,1.0,True,True
1288455,435097,A,1.0,1.0,True,True
1207642,435104,A,1.0,0.867,True,True
1197321,435105,A,1.0,1.0,True,True
1177089,435109,A,1.0,1.0,True,True
1177381,435110,A,1.0,1.0,True,True
1247377,435113,A,1.0,1.0,True,True
1229408,435115,A,1.0,1.0,True,True
1246472,435119,A,1.0,1.0,True,True
1245323,435123,A,1.0,1.0,True,True
1011209,43A073,A,0.733,1.0,True,True
1016155,43A098,A,0.714,0.929,True,True
228809,43A135,A,1.0,1.0,True,True
1276921,445002,A,1.0,1.0,True,True
943187,445004,A,1.0,0.941,True,True
679811,445013,A,1.0,1.0,True,True
1258517,445017,A,0.72,1.0,True,True
686239,445024,A,1.0,1.0,True,True
893875,445030,A,1.0,1.0,True,True
738669,445069,A,1.0,1.0,True,True
1242167,445088,A,1.0,1.0,True,True
708180,445094,A,1.0,1.0,True,True
729835,445098,A,1.0,1.0,True,True
912892,445099,A,1.0,1.0,True,True
1445268,445101,A,1.0,1.0,True,True
1524318,445105,A,1.0,1.0,True,True
906069,445107,A,0.933,1.0,True,True
693791,445110,A,1.0,1.0,True,True
920315,445117,A,1.0,1.0,True,True
1448407,445119,A,1.0,1.0,True,True
1278476,445124,A,1.0,0.897,True,True
708219,445127,A,1.0,1.0,True,False
678462,445128,A,1.0,1.0,True,False
939679,445135,A,1.0,1.0,True,True
161467,445138,A,1.0,0.941,True,True
1444958,445139,A,1.0,1.0,True,True
158718,445143,A,1.0,1.0,True,True
1267363,445154,A,1.0,0.941,True,True
1269234,445159,A,1.0,1.0,True,True
1294767,445165,A,1.0,0.882,True,True
1255468,445167,A,1.0,1.0,True,True
803118,445171,A,1.0,1.0,True,True
1426708,445180,A,1.0,1.0,True,False
679061,445191,A,1.0,1.0,True,True
802809,445203,A,1.0,1.0,True,True
1430030,445205,A,1.0,1.0,True,True
157167,445209,A,1.0,1.0,True,True
131447,445210,A,1.0,1.0,True,True
136005,445214,A,1.0,1.0,True,True
1443648,445215,A,1.0,1.0,True,True
1437761,445216,A,1.0,1.0,True,True
1471315,445228,A,1.0,1.0,True,True
1425002,445236,A,1.0,1.0,True,True
628850,445238,A,1.0,0.872,True,True
631128,445239,A,1.0,1.0,True,True
143653,445241,A,1.0,1.0,True,True
131445,445242,A,1.0,1.0,True,True
1517199,445244,A,1.0,0.897,True,False
1524271,445245,A,1.0,1.0,True,True
131450,445246,A,1.0,1.0,True,True
1179614,445249,A,1.0,1.0,True,True
945083,445252,A,1.0,1.0,True,True
1179640,445260,A,1.0,1.0,True,True
1514945,445262,A,1.0,1.0,True,True
1084601,445267,A,1.0,1.0,True,True
929901,445268,A,1.0,1.0,True,True
131443,445274,A,1.0,1.0,True,True
942656,445275,A,1.0,1.0,True,True
1494012,445276,A,1.0,1.0,True,True
1415361,445279,A,1.0,1.0,True,True
402684,445283,A,1.0,0.98,True,True
1492983,445284,A,1.0,1.0,True,True
1138089,445285,A,1.0,1.0,True,True
1558447,445291,A,1.0,1.0,True,True
1524252,445297,A,1.0,0.882,True,True
1424142,445302,A,1.0,1.0,True,True
1102272,445314,A,1.0,1.0,True,True
1467417,445318,A,1.0,1.0,True,True
158708,445327,A,1.0,1.0,True,True
158781,445342,A,1.0,1.0,True,True
158736,445343,A,1.0,1.0,True,True
708214,445344,A,1.0,1.0,True,True
140643,445351,A,1.0,1.0,True,True
194314,445358,A,1.0,1.0,True,True
154086,445359,A,1.0,1.0,True,True
140425,445362,A,0.615,1.0,True,True
157180,445363,A,1.0,0.973,True,True
140211,445369,A,1.0,0.927,True,True
1503455,445373,A,1.0,1.0,True,False
1533841,445374,A,1.0,1.0,True,True
140363,445377,A,1.0,1.0,True,True
1069862,445380,A,1.0,0.9,True,True
1524495,445381,A,1.0,1.0,True,True
1243749,445387,A,1.0,1.0,True,True
136264,445390,A,1.0,1.0,True,True
158691,445393,A,1.0,1.0,True,True
795986,445396,A,1.0,1.0,True,True
1284623,445402,A,1.0,1.0,True,True
1350857,445408,A,1.0,1.0,True,True
1429324,445421,A,1.0,1.0,True,True
1448304,445423,A,1.0,1.0,True,True
1336017,445424,A,1.0,1.0,True,True
1501487,445427,A,1.0,1.0,True,True
1502846,445430,A,1.0,1.0,True,True
1507622,445439,A,1.0,1.0,True,True
1524437,445444,A,1.0,1.0,True,True
140194,445448,A,1.0,1.0,True,True
1524516,445449,A,1.0,1.0,True,True
1524256,445451,A,1.0,1.0,True,True
1503136,445452,A,1.0,1.0,True,False
1506955,445455,A,1.0,1.0,True,True
1281603,445456,A,1.0,1.0,True,True
1442894,445459,A,0.923,1.0,True,True
1507730,445460,A,1.0,1.0,True,True
1437592,445461,A,1.0,1.0,True,True
1263309,445462,A,1.0,1.0,True,True
1414157,445463,A,1.0,1.0,True,True
134895,445469,A,1.0,0.938,True,True
1064464,445473,A,1.0,1.0,True,True
1498188,445474,A,1.0,1.0,True,True
653863,445475,A,1.0,1.0,True,True
652504,445479,A,1.0,1.0,True,True
547736,445480,A,1.0,1.0,True,True
162779,445487,A,1.0,1.0,True,True
796224,445494,A,1.0,1.0,True,True
1373252,445495,A,1.0,1.0,True,True
708059,445496,A,1.0,1.0,True,True
1435463,445497,A,1.0,1.0,True,True
556270,445502,A,1.0,1.0,True,True
1537212,445506,A,0.769,1.0,True,True
1103559,445507,A,1.0,1.0,True,True
1451873,445509,A,1.0,1.0,True,True
950015,445511,A,1.0,1.0,True,True
1192272,445512,A,1.0,1.0,True,True
678165,445515,A,1.0,1.0,True,True
918331,445516,A,1.0,0.938,True,True
685632,445517,A,1.0,1.0,True,True
1284788,445518,A,1.0,0.919,True,False
1426976,445519,A,1.0,1.0,True,True
1433781,445520,A,1.0,1.0,True,True
796137,445522,A,1.0,1.0,True,True
1453800,445525,A,1.0,1.0,True,True
1074854,445526,A,1.0,1.0,True,True
953912,445528,A,1.0,1.0,True,True
803334,445530,A,1.0,1.0,True,True
1539653,445531,A,1.0,1.0,True,True
1430068,445542,A,1.0,1.0,True,True
1474589,455001,A,1.0,1.0,True,True
1477111,455020,A,1.0,1.0,True,True
1076963,455333,A,1.0,0.903,True,True
1522272,455423,A,1.0,1.0,True,True
1477128,455429,A,1.0,1.0,True,True
1478063,455463,A,1.0,1.0,True,True
1307621,455477,A,1.0,1.0,True,True
1237643,455480,A,1.0,1.0,True,True
1477122,455485,A,1.0,1.0,True,True
1539842,455486,A,1.0,1.0,True,True
807779,455497,A,1.0,1.0,True,True
1336587,455503,A,1.0,0.912,True,True
1494566,455513,A,1.0,1.0,True,True
652789,455522,A,1.0,1.0,True,True
965665,455528,A,1.0,1.0,True,False
652745,455533,A,1.0,1.0,True,True
1322872,455538,A,1.0,1.0,True,True
1192054,455557,A,1.0,1.0,True,True
1498586,455561,A,1.0,1.0,True,True
1478081,455574,A,1.0,1.0,True,True
965673,455575,A,0.963,1.0,True,True
1524418,455576,A,1.0,1.0,True,True
1524281,455586,A,1.0,1.0,True,True
66742,455599,A,1.0,1.0,True,True
1449373,455602,A,1.0,1.0,True,True
1475780,455613,A,1.0,1.0,True,True
1524199,455625,A,1.0,1.0,True,True
1462613,455628,A,1.0,1.0,True,True
1450381,455642,A,1.0,1.0,True,True
1177734,455646,A,1.0,1.0,True,True
965672,455662,A,0.929,1.0,True,True
1524280,455672,A,1.0,1.0,True,True
1477101,455678,A,1.0,1.0,True,True
112852,455682,A,1.0,1.0,True,True
435008,455684,A,1.0,0.897,True,True
1524435,455689,A,1.0,1.0,True,True
1475748,455697,A,1.0,1.0,True,True
1531783,455700,A,1.0,1.0,True,True
1477130,455713,A,1.0,1.0,True,True
433090,455715,A,1.0,1.0,True,True
1524392,455727,A,1.0,1.0,True,True
1524309,455732,A,1.0,0.929,True,True
1279655,455742,A,1.0,1.0,True,True
1477359,455744,A,1.0,1.0,True,True
1524489,455745,A,1.0,1.0,True,True
1178747,455753,A,1.0,1.0,True,True
433096,455757,A,1.0,1.0,True,True
1288926,455761,A,1.0,1.0,True,True
652727,455771,A,1.0,1.0,True,True
1478083,455785,A,1.0,1.0,True,True
675398,455796,A,1.0,1.0,True,True
66948,455797,A,1.0,1.0,True,True
939033,455800,A,1.0,1.0,True,True
1477132,455804,A,1.0,1.0,True,True
965670,455822,A,0.867,1.0,True,True
652742,455824,A,1.0,1.0,True,True
1322860,455832,A,1.0,1.0,True,True
1474574,455834,A,1.0,1.0,True,True
435079,455838,A,1.0,1.0,True,True
1235209,455850,A,1.0,1.0,True,True
427267,455869,A,1.0,1.0,True,True
1422504,455871,A,1.0,0.88,True,True
435031,455876,A,1.0,0.957,True,True
1177406,455879,A,1.0,1.0,True,False
1425896,455891,A,1.0,1.0,True,True
1320816,455903,A,1.0,1.0,True,True
1524432,455904,A,1.0,1.0,True,True
1475601,455923,A,1.0,1.0,True,True
1524499,455925,A,1.0,1.0,True,True
1456157,455930,A,1.0,0.947,True,True
1524368,455934,A,1.0,1.0,True,True
1477102,455940,A,1.0,1.0,True,True
1475811,455941,A,1.0,1.0,True,True
1422540,455946,A,1.0,1.0,True,True
1465243,455952,A,1.0,1.0,True,True
1524287,455960,A,1.0,1.0,True,True
1422526,455962,A,1.0,1.0,True,True
1422513,455963,A,1.0,1.0,True,True
903512,455965,A,1.0,1.0,True,True
1048340,455969,A,1.0,0.97,True,True
1422538,455970,A,1.0,1.0,True,True
435099,455974,A,1.0,1.0,True,True
66936,455999,A,1.0,1.0,True,True
1524292,465003,A,1.0,1.0,True,True
430122,465006,A,0.87,1.0,True,True
1524286,465009,A,1.0,1.0,True,True
430163,465049,A,1.0,0.941,True,True
430116,465057,A,1.0,1.0,True,True
1462879,465059,A,1.0,1.0,True,True
1524457,465064,A,1.0,1.0,True,True
1524363,465069,A,1.0,1.0,True,True
1524240,465072,A,1.0,1.0,True,True
951775,465079,A,1.0,1.0,True,True
1452499,465088,A,1.0,0.923,True,True
430109,465090,A,1.0,1.0,True,True
1524261,465091,A,1.0,1.0,True,True
1524458,465095,A,1.0,1.0,True,True
1524401,465098,A,1.0,1.0,True,True
1524386,465100,A,1.0,1.0,True,True
1524301,465101,A,1.0,1.0,True,True
430126,465102,A,1.0,1.0,True,True
1524375,465104,A,1.0,1.0,True,True
1507598,465107,A,1.0,1.0,True,True
1524246,465108,A,1.0,1.0,True,True
1524295,465109,A,1.0,1.0,True,True
430149,465111,A,1.0,0.952,True,True
1524485,465115,A,1.0,1.0,True,True
430160,465117,A,1.0,1.0,True,True
1524412,465119,A,1.0,1.0,True,False
1524466,465130,A,1.0,1.0,True,True
430134,465137,A,1.0,1.0,True,True
1524230,465143,A,1.0,1.0,True,True
1524461,465153,A,1.0,1.0,True,True
1534469,465155,A,1.0,1.0,True,True
430118,465158,A,1.0,1.0,True,True
1534799,465159,A,1.0,1.0,True,True
1524248,465160,A,1.0,1.0,True,True
1532488,465166,A,1.0,1.0,True,True
1524463,465167,A,1.0,1.0,True,True
1535048,465170,A,1.0,1.0,True,True
288548,465172,A,1.0,1.0,True,True
1524464,465173,A,1.0,1.0,True,True
1454547,465175,A,1.0,1.0,True,True
1524465,465176,A,1.0,1.0,True,True
1524460,465178,A,1.0,1.0,True,True
1447728,465181,A,1.0,1.0,True,True
1524462,465182,A,1.0,1.0,True,True
430107,465184,A,1.0,0.957,True,True
910386,465186,A,1.0,1.0,True,True
1524450,465187,A,1.0,1.0,True,True
1524408,465188,A,1.0,1.0,True,True
1456741,465192,A,1.0,1.0,True,True
430128,46A064,A,1.0,1.0,True,True
1019665,46A072,A,0.696,0.909,True,True
1479648,475012,A,0.788,1.0,True,True
1238591,475018,A,1.0,1.0,True,True
1463673,475021,A,0.857,1.0,True,True
1314998,475027,A,1.0,1.0,True,True
1109926,475037,A,1.0,1.0,True,True
1432348,475039,A,1.0,1.0,True,True
586247,495002,A,1.0,0.914,True,True
1452922,495011,A,1.0,1.0,True,True
688031,495019,A,1.0,1.0,True,True
1533857,495034,A,1.0,1.0,True,True
1361858,495045,A,1.0,0.968,True,True
143859,495068,A,1.0,1.0,True,True
1558781,495071,A,0.923,0.977,True,True
921621,495077,A,1.0,1.0,True,True
801338,495087,A,1.0,1.0,True,True
799899,495093,A,1.0,1.0,True,True
801318,495097,A,1.0,1.0,True,True
1109615,495099,A,1.0,1.0,True,True
1528013,495102,A,1.0,1.0,True,True
801316,495105,A,1.0,1.0,True,True
801320,495107,A,1.0,1.0,True,True
799881,495108,A,1.0,1.0,True,True
912626,495109,A,1.0,1.0,True,True
1104687,495115,A,1.0,0.944,True,True
273031,495117,A,0.889,1.0,True,True
1467544,495126,A,1.0,1.0,True,True
912869,495131,A,1.0,1.0,True,True
1109647,495133,A,1.0,1.0,True,True
861043,495134,A,1.0,0.95,True,True
252488,495135,A,1.0,1.0,True,True
945096,495139,A,1.0,1.0,True,True
1479815,495142,A,1.0,1.0,True,True
1247471,495144,A,1.0,1.0,True,True
252531,495152,A,1.0,1.0,True,True
1247501,495153,A,1.0,1.0,True,True
1247459,495155,A,1.0,1.0,True,True
799878,495178,A,1.0,1.0,True,True
960255,495185,A,1.0,1.0,True,True
798267,495188,A,1.0,1.0,True,True
801331,495189,A,1.0,1.0,True,True
951981,495192,A,1.0,1.0,True,True
799902,495193,A,1.0,1.0,True,True
168726,495196,A,1.0,1.0,True,True
799885,495202,A,1.0,1.0,True,True
971757,495203,A,1.0,1.0,True,True
1425575,495205,A,1.0,1.0,True,True
799884,495207,A,1.0,1.0,True,True
801328,495209,A,1.0,1.0,True,True
801317,495210,A,1.0,1.0,True,True
1247468,495211,A,1.0,0.968,True,True
798269,495213,A,1.0,1.0,True,True
801343,495216,A,1.0,1.0,True,True
1227243,495217,A,1.0,1.0,True,True
1109654,495227,A,1.0,1.0,True,True
1492801,495230,A,1.0,0.977,True,True
1329996,495233,A,1.0,1.0,True,True
1527243,495235,A,1.0,0.955,True,True
972364,495236,A,1.0,1.0,True,True
801345,495237,A,1.0,1.0,True,True
252493,495242,A,1.0,1.0,True,True
1257353,495243,A,1.0,1.0,True,True
1474891,495246,A,1.0,1.0,True,False
799876,495248,A,1.0,1.0,True,True
1247464,495252,A,1.0,1.0,True,True
419618,495256,A,1.0,1.0,True,True
912628,495257,A,1.0,1.0,True,True
252506,495259,A,1.0,1.0,True,True
798270,495260,A,1.0,1.0,True,True
252516,495261,A,1.0,1.0,True,True
192484,495262,A,1.0,1.0,True,True
799888,495266,A,1.0,1.0,True,True
1455901,495267,A,1.0,1.0,True,True
688036,495268,A,1.0,1.0,True,True
688024,495272,A,1.0,1.0,True,True
134764,495274,A,0.65,0.933,True,True
1478138,495275,A,1.0,1.0,True,True
1462281,495276,A,1.0,1.0,True,True
799883,495279,A,1.0,1.0,True,True
1358482,495283,A,1.0,1.0,True,True
1462270,495286,A,1.0,1.0,True,True
1492802,495291,A,1.0,1.0,True,False
798273,495293,A,1.0,1.0,True,True
801322,495294,A,1.0,1.0,True,True
801337,495295,A,1.0,1.0,True,True
960251,495296,A,1.0,1.0,True,True
798277,495297,A,1.0,1.0,True,True
252509,495300,A,1.0,1.0,True,True
252502,495301,A,1.0,1.0,True,True
1136780,495303,A,1.0,1.0,True,True
1462284,495305,A,1.0,1.0,True,True
1418547,495315,A,1.0,1.0,True,True
252498,495317,A,1.0,1.0,True,True
937023,495318,A,1.0,1.0,True,True
1462275,495319,A,1.0,1.0,True,True
252497,495320,A,1.0,0.863,True,True
252521,495321,A,1.0,1.0,True,True
252510,495323,A,1.0,1.0,True,True
1418472,495325,A,1.0,1.0,True,True
1489016,495330,A,1.0,1.0,True,True
1418387,495331,A,1.0,1.0,True,True
1558782,495332,A,0.816,1.0,True,True
1088184,495334,A,1.0,1.0,True,True
1453554,495336,A,1.0,0.968,True,True
913909,495339,A,1.0,1.0,True,True
1462296,495342,A,1.0,1.0,True,True
1418454,495344,A,0.968,1.0,True,True
1462279,495345,A,1.0,1.0,True,True
1425514,495349,A,1.0,1.0,True,True
252539,495350,A,1.0,1.0,True,True
252485,495353,A,1.0,1.0,True,True
382633,495356,A,1.0,1.0,True,True
960250,495358,A,1.0,1.0,True,True
1530129,495359,A,0.882,0.933,True,True
972174,495361,A,1.0,1.0,True,True
1284298,495364,A,1.0,1.0,True,True
1462286,495367,A,1.0,1.0,True,True
1469553,495368,A,1.0,1.0,True,True
252530,495371,A,1.0,1.0,True,True
1264493,495372,A,1.0,1.0,True,True
86998,495373,A,1.0,1.0,True,True
960253,495375,A,1.0,1.0,True,True
912625,495377,A,1.0,1.0,True,True
801341,495378,A,1.0,0.923,True,True
1507303,495379,A,1.0,1.0,True,True
174116,495383,A,0.737,1.0,True,True
1421635,495386,A,1.0,1.0,True,True
1444938,495389,A,1.0,1.0,True,True
571158,495390,A,1.0,1.0,True,True
1109623,495391,A,1.0,1.0,True,True
912624,495394,A,1.0,1.0,True,True
1256103,495402,A,1.0,1.0,True,True
292153,495407,A,1.0,1.0,True,True
969257,495413,A,1.0,0.889,True,True
798265,495420,A,1.0,1.0,True,True
1175871,495421,A,1.0,1.0,True,True
1006243,495423,A,1.0,1.0,True,True
801313,495424,A,1.0,1.0,True,True
174134,495429,A,0.621,1.0,True,True
880589,495430,A,0.655,1.0,True,True
1520852,495431,A,1.0,1.0,True,True
487670,49A007,A,1.0,1.0,True,True
955101,49E004,A,1.0,1.0,True,True
898721,49E084,A,1.0,1.0,True,True
487704,49E256,A,1.0,1.0,True,True
1273883,505004,A,1.0,0.923,True,True
1419039,505016,A,1.0,1.0,True,True
1472384,505070,A,0.867,1.0,True,True
1524390,505074,A,1.0,1.0,True,True
1438825,505075,A,1.0,1.0,True,True
1524378,505081,A,1.0,1.0,True,True
1288892,505126,A,1.0,1.0,True,True
1437166,505128,A,1.0,1.0,True,True
1524416,505181,A,1.0,0.889,True,True
1191317,505182,A,0.744,1.0,True,True
1428496,505183,A,1.0,1.0,True,True
1443690,505202,A,1.0,1.0,True,True
1257341,505204,A,1.0,1.0,True,True
1048354,505206,A,1.0,1.0,True,True
683783,505210,A,1.0,1.0,True,True
1456592,505211,A,1.0,1.0,True,True
1470048,505230,A,0.933,1.0,True,True
1465711,505236,A,1.0,1.0,True,True
810703,505239,A,1.0,1.0,True,True
1537853,505240,A,1.0,1.0,True,True
1524370,505243,A,1.0,1.0,True,True
1410155,505251,A,1.0,0.889,True,True
1258422,505252,A,1.0,1.0,True,True
839559,505257,A,1.0,0.944,True,True
825474,505261,A,1.0,0.963,True,True
1524442,505262,A,1.0,1.0,True,True
1416803,505265,A,1.0,1.0,True,True
1418481,505272,A,1.0,1.0,True,False
1502103,505273,A,1.0,1.0,True,True
1315371,505276,A,1.0,1.0,True,True
1093169,505289,A,1.0,1.0,True,True
1524213,505290,A,1.0,1.0,True,True
1524210,505294,A,1.0,1.0,True,True
1284074,505296,A,1.0,1.0,True,True
964910,505303,A,1.0,1.0,True,True
1524415,505304,A,1.0,1.0,True,True
1228558,505311,A,1.0,1.0,True,True
1524353,505315,A,1.0,1.0,True,True
1221705,505319,A,1.0,1.0,True,True
1099324,505324,A,1.0,1.0,True,True
1524208,505325,A,1.0,1.0,True,True
1177040,505329,A,1.0,1.0,True,True
681447,505334,A,1.0,1.0,True,True
1410154,505338,A,1.0,1.0,True,True
1177281,505344,A,1.0,1.0,True,True
129492,505346,A,1.0,1.0,True,True
810673,505348,A,1.0,1.0,True,True
813014,505350,A,1.0,1.0,True,True
1177155,505361,A,1.0,1.0,True,True
1513800,505369,A,1.0,1.0,True,True
912559,505372,A,1.0,1.0,True,True
1504187,505373,A,1.0,1.0,True,True
1229375,505379,A,1.0,1.0,True,True
1516713,505382,A,1.0,1.0,True,True
1235214,505386,A,1.0,1.0,True,True
1456063,505387,A,1.0,1.0,True,True
1177879,505393,A,1.0,1.0,True,True
1410171,505395,A,0.696,1.0,True,True
1237924,505400,A,1.0,1.0,True,True
1064458,505406,A,1.0,1.0,True,True
1524362,505407,A,1.0,1.0,True,True
1524451,505414,A,1.0,1.0,True,True
1456361,505416,A,1.0,1.0,True,True
1456595,505417,A,0.667,1.0,True,True
1524340,505418,A,1.0,1.0,True,True
928247,505430,A,1.0,1.0,True,True
1524336,505434,A,1.0,1.0,True,True
1088843,505436,A,1.0,0.909,True,True
563132,505442,A,1.0,1.0,True,True
1283896,505473,A,1.0,1.0,True,True
1328126,505476,A,1.0,1.0,True,True
588680,505488,A,1.0,0.944,True,True
1225118,505491,A,1.0,1.0,True,True
1429300,505496,A,0.688,1.0,True,True
1178037,505507,A,1.0,1.0,True,True
1438821,505510,A,1.0,1.0,True,True
1524414,505513,A,1.0,1.0,True,True
1461111,505515,A,1.0,0.968,True,True
587586,505516,A,1.0,0.96,True,True
587921,505517,A,0.818,0.929,True,True
1435406,505519,A,1.0,1.0,True,True
1263224,505522,A,1.0,1.0,True,True
1241934,505525,A,1.0,1.0,True,True
1292326,505526,A,1.0,1.0,True,True
1503332,505527,A,1.0,1.0,True,True
587209,505530,A,1.0,0.968,True,True
1467447,515001,A,1.0,1.0,True,True
1426264,515002,A,1.0,1.0,True,True
951031,515007,A,1.0,1.0,True,True
1293183,515021,A,1.0,1.0,True,True
488122,515025,A,1.0,1.0,True,True
1246062,515039,A,1.0,1.0,True,True
1247225,515047,A,1.0,1.0,True,True
1518008,515052,A,1.0,1.0,True,True
1474208,515053,A,1.0,1.0,True,True
1246133,515057,A,1.0,0.933,True,True
1246091,515058,A,1.0,1.0,True,True
1470893,515060,A,1.0,0.909,True,True
1470940,515063,A,1.0,1.0,True,True
1473519,515066,A,1.0,1.0,True,True
1245931,515067,A,1.0,1.0,True,True
1467806,515070,A,1.0,0.857,True,True
1473931,515071,A,1.0,1.0,True,True
1246053,515072,A,1.0,1.0,True,True
1107060,515074,A,1.0,1.0,True,True
1506134,515075,A,1.0,1.0,True,False
1247221,515076,A,1.0,1.0,True,True
1473969,515085,A,1.0,0.963,True,True
1245964,515086,A,1.0,1.0,True,True
1473463,515087,A,1.0,1.0,True,True
1465661,515088,A,1.0,1.0,True,True
1246086,515089,A,1.0,1.0,True,True
1501983,515100,A,1.0,1.0,True,True
1499177,515102,A,1.0,1.0,True,True
1256769,515103,A,1.0,1.0,True,True
1463945,515104,A,1.0,1.0,True,True
1473932,515105,A,1.0,1.0,True,True
1467839,515106,A,1.0,1.0,True,True
1246104,515117,A,1.0,1.0,True,True
1246061,515120,A,1.0,1.0,True,True
1246064,515121,A,1.0,1.0,True,True
1246052,515122,A,1.0,1.0,True,True
1246059,515123,A,1.0,1.0,True,True
1246122,515125,A,1.0,1.0,True,True
1471460,515131,A,1.0,1.0,True,True
1479832,515133,A,1.0,0.88,True,True
894854,515134,A,1.0,1.0,True,True
1517976,515137,A,1.0,1.0,True,True
1246100,515141,A,1.0,1.0,True,True
1246081,515142,A,1.0,1.0,True,True
1246124,515144,A,1.0,1.0,True,True
1473610,515147,A,1.0,1.0,True,True
825026,515151,A,1.0,1.0,True,True
1246076,515153,A,1.0,1.0,True,True
1474662,515155,A,1.0,1.0,True,True
1246136,515156,A,1.0,1.0,True,True
1246083,515159,A,1.0,1.0,True,True
1247230,515160,A,1.0,1.0,True,True
1246126,515162,A,1.0,0.917,True,True
1246153,515164,A,1.0,1.0,True,True
1246044,515165,A,1.0,1.0,True,True
1518007,515166,A,1.0,1.0,True,True
1486201,515167,A,1.0,1.0,True,True
1246135,515168,A,1.0,1.0,True,True
1493214,515169,A,1.0,1.0,True,True
1246127,515170,A,1.0,1.0,True,True
1246073,515171,A,1.0,1.0,True,True
812452,515174,A,1.0,1.0,True,True
1474276,515176,A,1.0,1.0,True,True
1502625,515177,A,1.0,0.938,True,True
1474930,515178,A,1.0,1.0,True,False
1492917,515179,A,1.0,1.0,True,True
1247231,515180,A,1.0,1.0,True,True
1471999,515182,A,1.0,1.0,True,True
1506893,515183,A,1.0,0.971,True,True
1471420,515184,A,1.0,1.0,True,True
1246129,515185,A,1.0,1.0,True,True
1252430,515186,A,1.0,1.0,True,True
1246108,515188,A,1.0,0.947,True,True
1246066,515191,A,1.0,0.938,True,True
1246069,515192,A,1.0,1.0,True,True
1246125,515194,A,1.0,1.0,True,True
1155024,515195,A,1.0,1.0,True,True
1246132,515199,A,1.0,1.0,True,True
1098850,515200,A,1.0,1.0,True,True
1514075,51E124,A,1.0,1.0,True,True
1431686,525074,A,1.0,0.966,True,True
660928,525085,A,0.769,1.0,True,True
1465523,525098,A,1.0,0.923,True,True
575615,525172,A,1.0,1.0,True,True
1358541,525209,A,1.0,1.0,True,True
1040985,525241,A,1.0,1.0,True,True
1183009,525264,A,1.0,1.0,True,True
1522631,525270,A,1.0,1.0,True,True
1430435,525273,A,1.0,1.0,True,True
1121737,525274,A,1.0,1.0,True,True
1534141,525282,A,1.0,1.0,True,True
981914,525292,A,1.0,1.0,True,True
1240159,525299,A,1.0,1.0,True,False
1263387,525304,A,1.0,1.0,True,True
1177205,525313,A,0.786,1.0,True,True
1447908,525314,A,1.0,1.0,True,False
1531942,525315,A,0.75,1.0,True,True
1274773,525316,A,1.0,1.0,True,True
1070565,525318,A,1.0,1.0,True,True
846106,525324,A,1.0,1.0,True,True
1524400,525326,A,1.0,1.0,True,True
853670,525328,A,1.0,1.0,True,True
1442919,525329,A,1.0,1.0,True,True
1285406,525332,A,1.0,1.0,True,True
1325257,525333,A,1.0,1.0,True,True
1304337,525338,A,1.0,1.0,True,True
1414484,525342,A,1.0,1.0,True,True
880724,525343,A,1.0,1.0,True,True
1537556,525350,A,1.0,1.0,True,True
1507237,525351,A,1.0,1.0,True,True
1289918,525354,A,1.0,0.96,True,True
1336346,525355,A,1.0,1.0,True,True
1439842,525357,A,1.0,1.0,True,True
853660,525359,A,1.0,1.0,True,True
1092510,525363,A,1.0,1.0,True,True
1441678,525369,A,1.0,1.0,True,True
1285380,525373,A,1.0,1.0,True,True
230191,525376,A,1.0,1.0,True,True
1508884,525379,A,1.0,1.0,True,True
1146972,525383,A,1.0,1.0,True,True
1506946,525387,A,1.0,0.966,True,True
1101513,525389,A,1.0,1.0,True,True
1145365,525391,A,1.0,1.0,True,True
1509511,525397,A,1.0,1.0,True,True
1364252,525398,A,1.0,1.0,True,True
401555,525402,A,1.0,1.0,True,True
1464807,525405,A,0.706,0.867,True,True
1451180,525406,A,1.0,1.0,True,True
401563,525409,A,1.0,1.0,True,True
1426915,525410,A,1.0,1.0,True,True
860118,525412,A,1.0,1.0,True,True
1284734,525413,A,1.0,1.0,True,True
1533863,525417,A,1.0,1.0,True,True
1503951,525418,A,1.0,1.0,True,True
1372792,525424,A,1.0,1.0,True,True
1509546,525425,A,1.0,1.0,True,True
564175,525429,A,1.0,1.0,True,True
401541,525431,A,1.0,1.0,True,True
1443102,525434,A,1.0,1.0,True,True
1503098,525435,A,1.0,1.0,True,True
1093430,525437,A,1.0,1.0,True,True
954748,525438,A,0.878,1.0,True,True
401552,525440,A,1.0,1.0,True,True
1275300,525441,A,1.0,1.0,True,True
1358990,525442,A,1.0,1.0,True,True
1312103,525445,A,1.0,1.0,True,True
1479878,525449,A,1.0,1.0,True,True
686738,525451,A,1.0,1.0,True,True
1076867,525452,A,1.0,1.0,True,True
1085946,525454,A,1.0,1.0,True,True
308947,525455,A,1.0,1.0,True,True
686735,525457,A,1.0,1.0,True,True
1265368,525459,A,1.0,0.88,True,True
130307,525461,A,1.0,1.0,True,True
561090,525462,A,1.0,1.0,True,True
115078,525463,A,1.0,1.0,True,True
1530435,525465,A,1.0,0.897,True,True
401551,525472,A,1.0,1.0,True,True
1516335,525479,A,1.0,1.0,True,True
1146976,525480,A,1.0,1.0,True,True
1285172,525482,A,1.0,1.0,True,True
1520771,525483,A,1.0,1.0,True,True
1442279,525484,A,1.0,1.0,True,True
1498344,525488,A,1.0,1.0,True,True
1331640,525490,A,1.0,1.0,True,True
1440856,525493,A,1.0,1.0,True,True
1322567,525495,A,0.792,1.0,True,True
1524481,525497,A,1.0,1.0,True,True
1460753,525498,A,0.8,1.0,True,True
858744,525499,A,1.0,1.0,True,True
913143,525502,A,1.0,1.0,True,True
1524521,525503,A,1.0,1.0,True,True
934016,525508,A,1.0,1.0,True,True
1433504,525509,A,1.0,0.889,True,True
1534655,525519,A,0.857,0.968,True,True
1508763,525520,A,1.0,1.0,True,True
1530947,525522,A,1.0,0.97,True,True
1530500,525523,A,1.0,1.0,True,True
1123240,525528,A,0.769,1.0,True,True
1509486,525532,A,1.0,1.0,True,True
1464790,525533,A,0.706,1.0,True,True
1436695,525535,A,1.0,1.0,True,True
688599,525538,A,1.0,1.0,True,True
228920,525542,A,1.0,1.0,True,True
1531961,525547,A,1.0,1.0,True,True
927874,525548,A,1.0,1.0,True,True
1531296,525550,A,1.0,0.909,True,True
871864,525553,A,1.0,1.0,True,True
1266369,525557,A,0.64,1.0,True,True
1047913,525561,A,1.0,1.0,True,False
1321512,525565,A,1.0,1.0,True,True
1442464,525568,A,1.0,1.0,True,True
62217,525572,A,1.0,1.0,True,True
61113,525575,A,1.0,1.0,True,True
1517704,525580,A,1.0,1.0,True,True
1093513,525581,A,1.0,1.0,True,True
686707,525583,A,1.0,1.0,True,True
1282959,525586,A,1.0,1.0,True,True
707691,525588,A,1.0,1.0,True,True
686737,525589,A,1.0,1.0,True,True
866532,525592,A,1.0,1.0,True,True
662786,525595,A,1.0,1.0,True,True
1447488,525596,A,1.0,1.0,True,True
1478141,525598,A,1.0,1.0,True,True
1531715,525600,A,1.0,1.0,True,True
544420,525602,A,1.0,1.0,True,True
1326561,525604,A,1.0,1.0,True,True
1284706,525605,A,1.0,1.0,True,True
1503385,525616,A,1.0,1.0,True,True
1079882,525622,A,1.0,1.0,True,True
1082668,525623,A,0.909,0.929,True,True
1443551,525635,A,1.0,1.0,True,True
1328919,525637,A,1.0,1.0,True,True
923845,525639,A,1.0,1.0,True,True
156504,525642,A,1.0,1.0,True,True
148415,525647,A,1.0,1.0,True,True
738091,525648,A,1.0,1.0,True,True
1530883,525654,A,1.0,1.0,True,True
1020218,525657,A,1.0,1.0,True,True
1331453,525660,A,1.0,1.0,True,True
1337978,525665,A,1.0,1.0,True,True
901506,525672,A,1.0,1.0,True,True
1282884,525684,A,1.0,1.0,True,True
686740,525699,A,1.0,1.0,True,True
1516292,525701,A,1.0,1.0,True,True
846138,525702,A,1.0,1.0,True,True
950973,525706,A,1.0,1.0,True,True
1432688,525708,A,0.7,1.0,True,True
1516249,525709,A,1.0,1.0,True,True
323734,525712,A,1.0,1.0,True,True
1516333,525715,A,1.0,1.0,True,True
1146853,525724,A,0.773,1.0,True,True
1558665,525727,A,1.0,1.0,True,True
1462351,535024,A,1.0,1.0,True,True
1462663,535025,A,1.0,1.0,True,False
1466672,535026,A,1.0,1.0,True,True
1186672,535031,A,1.0,1.0,True,True
1238009,535036,A,1.0,1.0,True,True
852990,535039,A,1.0,0.897,True,True
1178079,535042,A,1.0,1.0,True,True
1503603,535043,A,1.0,1.0,True,True
1502696,535048,A,1.0,1.0,True,True
652043,535049,A,1.0,1.0,True,True
1178120,535051,A,1.0,1.0,True,True
1197144,535056,A,1.0,1.0,True,True
1508779,555004,A,1.0,0.95,True,True
820387,555012,A,1.0,1.0,True,True
1524163,555017,A,1.0,1.0,True,True
1384290,555025,A,1.0,1.0,True,True
1134512,555027,A,1.0,1.0,True,True
406521,555035,A,1.0,1.0,True,True
1462592,555049,A,1.0,1.0,True,True
818565,555055,A,1.0,1.0,True,True
1551715,555057,A,1.0,1.0,True,True
1181264,555060,A,1.0,1.0,True,True
1184904,555061,A,1.0,1.0,True,True
406458,555065,A,1.0,1.0,True,True
1504205,555068,A,1.0,1.0,True,True
405792,555069,A,1.0,1.0,True,True
1052256,555070,A,1.0,1.0,True,True
1406873,555080,A,1.0,1.0,True,True
1198470,555083,A,1.0,1.0,True,True
1212254,555088,A,1.0,1.0,True,True
1180807,555090,A,1.0,1.0,True,True
1198493,555098,A,1.0,1.0,True,True
1015826,555106,A,1.0,0.923,True,True
1475105,555112,A,1.0,1.0,True,True
1458124,555113,A,1.0,0.867,True,True
1290167,555119,A,0.87,1.0,True,True
1527164,555125,A,1.0,0.867,True,True
1535512,555136,A,1.0,1.0,True,True
1072586,555151,A,1.0,1.0,True,True
1198544,555153,A,1.0,1.0,True,True
1524204,555164,A,1.0,1.0,True,True
1198351,555180,A,1.0,1.0,True,True
1118659,555184,A,1.0,1.0,True,True
1454666,555199,A,1.0,0.952,True,True
1558370,555219,A,1.0,1.0,True,True
1214149,555220,A,1.0,1.0,True,True
1501788,555222,A,1.0,1.0,True,True
1169672,555226,A,1.0,1.0,True,True
1524493,555240,A,1.0,1.0,True,False
953616,555245,A,1.0,1.0,True,True
402793,555247,A,1.0,1.0,True,True
1524439,555249,A,1.0,1.0,True,True
1539861,555254,A,1.0,1.0,True,True
1524497,555258,A,1.0,1.0,True,True
1134807,555259,A,1.0,1.0,True,True
1504271,555260,A,1.0,1.0,True,True
1327265,555281,A,1.0,1.0,True,True
1501975,555283,A,1.0,1.0,True,True
1134811,555286,A,1.0,1.0,True,True
1534466,555304,A,1.0,1.0,True,True
743519,555306,A,1.0,1.0,True,True
1501784,555309,A,1.0,1.0,True,True
1538757,555316,A,1.0,1.0,True,True
1502662,555323,A,1.0,1.0,True,True
1524226,555326,A,1.0,1.0,True,True
346882,555330,A,1.0,1.0,True,True
1504844,555337,A,1.0,1.0,True,True
1290156,555338,A,1.0,1.0,True,True
1536258,555339,A,0.667,1.0,True,True
1479655,555341,A,1.0,1.0,True,True
346810,555347,A,1.0,1.0,True,True
1455181,555354,A,1.0,1.0,True,True
1524506,555355,A,1.0,0.923,True,True
1517551,555358,A,1.0,1.0,True,True
1524382,555365,A,1.0,1.0,True,True
1214072,555371,A,1.0,1.0,True,True
1015604,555374,A,1.0,0.923,True,True
1524255,555376,A,1.0,1.0,True,True
1100138,555387,A,1.0,0.929,True,True
1078437,555388,A,1.0,1.0,True,True
1524354,555394,A,1.0,1.0,True,True
1109303,555398,A,1.0,1.0,True,True
1537807,555400,A,1.0,1.0,True,True
1478034,555403,A,0.963,0.971,True,True
601259,555404,A,1.0,1.0,True,True
1310439,555410,A,1.0,1.0,True,True
1524508,555425,A,1.0,1.0,True,True
453959,555426,A,1.0,1.0,True,True
1503922,555431,A,1.0,1.0,True,True
1447951,555438,A,1.0,1.0,True,True
968939,555442,A,1.0,1.0,True,True
1502783,555444,A,1.0,1.0,True,True
1503073,555446,A,1.0,1.0,True,True
1524278,555458,A,1.0,1.0,True,True
1008377,555462,A,1.0,1.0,True,True
1467165,555473,A,1.0,1.0,True,True
1383386,555476,A,1.0,1.0,True,True
1524500,555478,A,1.0,1.0,True,True
1455049,555485,A,1.0,1.0,True,True
405959,555487,A,1.0,1.0,True,True
1501864,555492,A,1.0,1.0,True,True
1403374,555496,A,1.0,1.0,True,False
1422805,555533,A,1.0,1.0,True,True
1504261,555535,A,1.0,1.0,True,True
1198264,555542,A,1.0,1.0,True,True
1524474,555545,A,1.0,1.0,True,True
1444316,555570,A,1.0,1.0,True,False
1400627,555583,A,1.0,1.0,True,True
1524396,555596,A,1.0,0.882,True,True
1524475,555613,A,1.0,1.0,True,True
1377195,555645,A,1.0,1.0,True,False
1536040,555652,A,1.0,1.0,True,True
1294618,555657,A,1.0,1.0,True,True
1503615,555659,A,1.0,1.0,True,True
1198158,555673,A,1.0,1.0,True,True
1524028,555682,A,1.0,1.0,True,True
1467259,555684,A,1.0,1.0,True,True
1229272,555700,A,1.0,0.85,True,True
1099272,555702,A,1.0,0.9,True,True
1536125,555703,A,1.0,1.0,True,True
683753,555706,A,1.0,1.0,True,True
1011208,555707,A,1.0,0.944,True,True
1531191,555710,A,1.0,1.0,True,True
1328150,555711,A,1.0,1.0,True,True
1118662,555712,A,1.0,1.0,True,True
1258934,555736,A,1.0,1.0,True,True
1101288,555738,A,1.0,1.0,True,False
1524456,555739,A,1.0,1.0,True,True
1495192,555748,A,1.0,1.0,True,True
1277448,555754,A,1.0,1.0,True,True
403942,555755,A,1.0,1.0,True,True
1291842,555758,A,1.0,1.0,True,True
1017076,555765,A,1.0,1.0,True,True
1524221,555770,A,1.0,1.0,True,True
1386412,555772,A,1.0,1.0,True,True
1386939,555773,A,1.0,1.0,True,True
820382,555786,A,1.0,1.0,True,True
1525014,555787,A,1.0,1.0,True,True
1502090,555792,A,1.0,1.0,True,True
1532923,555794,A,1.0,1.0,True,True
1524355,555796,A,1.0,1.0,True,True
1198039,555798,A,1.0,1.0,True,True
1462849,555799,A,1.0,1.0,True,True
926040,555802,A,1.0,1.0,True,True
1524502,555804,A,1.0,0.87,True,True
1502166,555809,A,0.857,1.0,True,True
894160,555826,A,1.0,1.0,True,True
453958,555838,A,1.0,1.0,True,True
1492674,555841,A,1.0,1.0,True,True
1465088,555842,A,1.0,1.0,True,True
406951,555846,A,1.0,1.0,True,True
474332,555855,A,1.0,1.0,True,True
1500695,555856,A,1.0,1.0,True,True
1049505,555865,A,1.0,1.0,True,True
925459,555866,A,1.0,0.857,True,True
968961,555867,A,1.0,1.0,True,True
1524447,555871,A,1.0,1.0,True,True
1183801,555872,A,1.0,1.0,True,False
1524449,555873,A,1.0,1.0,True,True
1524234,555875,A,1.0,1.0,True,True
1374280,555902,A,1.0,1.0,True,True
813097,555911,A,1.0,1.0,True,True
1535536,555912,A,1.0,1.0,True,True
1445954,555913,A,0.833,1.0,True,True
1502793,555921,A,1.0,1.0,True,True
1478097,675001,A,1.0,1.0,True,True
1524344,675004,A,1.0,1.0,True,True
1466254,675009,A,1.0,1.0,True,True
1422524,675011,A,1.0,1.0,True,True
1422521,675014,A,1.0,0.857,True,True
1498452,675028,A,1.0,1.0,True,True
1317144,675030,A,1.0,1.0,True,True
1449812,675032,A,1.0,1.0,True,True
1513914,675052,A,1.0,0.87,True,True
1497691,675053,A,1.0,0.889,True,True
1422514,675055,A,1.0,1.0,True,True
1422523,675058,A,1.0,1.0,True,True
1100038,675065,A,1.0,1.0,True,True
1475826,675067,A,1.0,0.963,True,True
113081,675071,A,1.0,1.0,True,True
113084,675075,A,1.0,1.0,True,True
1422503,675076,A,1.0,1.0,True,True
1524279,675081,A,1.0,1.0,True,True
1422541,675084,A,0.762,1.0,True,True
427291,675095,A,1.0,1.0,True,True
1475838,675101,A,1.0,1.0,True,True
1309653,675103,A,1.0,0.897,True,True
434504,675104,A,1.0,1.0,True,True
1457168,675109,A,1.0,1.0,True,True
675391,675110,A,1.0,1.0,True,True
1524291,675111,A,1.0,1.0,True,True
319244,675117,A,1.0,1.0,True,True
1448561,675118,A,1.0,1.0,True,True
853006,675120,A,1.0,1.0,True,True
971628,675128,A,1.0,0.95,True,True
1177832,675150,A,1.0,1.0,True,True
66985,675159,A,1.0,0.88,True,True
426801,675162,A,1.0,1.0,True,True
1524389,675175,A,1.0,1.0,True,True
1120815,675181,A,1.0,1.0,True,True
1094293,675201,A,1.0,0.865,True,True
1252412,675212,A,1.0,1.0,True,True
1422506,675222,A,1.0,1.0,True,False
67106,675226,A,0.765,1.0,True,True
1422508,675229,A,1.0,1.0,True,True
883474,675230,A,1.0,1.0,True,True
798312,675231,A,1.0,1.0,True,True
1477087,675241,A,1.0,1.0,True,True
675401,675251,A,0.688,0.947,True,True
798310,675254,A,1.0,1.0,True,True
1475729,675259,A,1.0,1.0,True,True
1524518,675272,A,1.0,1.0,True,True
1422507,675274,A,1.0,1.0,True,True
1524200,675282,A,1.0,1.0,True,True
1474576,675289,A,1.0,1.0,True,True
1524403,675305,A,1.0,1.0,True,True
965667,675309,A,1.0,0.897,True,True
949392,675311,A,0.706,1.0,True,True
1322843,675312,A,1.0,1.0,True,True
1475649,675320,A,1.0,1.0,True,True
1430003,675323,A,1.0,1.0,True,True
1422505,675330,A,1.0,1.0,True,True
1322851,675338,A,1.0,1.0,True,True
1422522,675346,A,1.0,1.0,True,True
1171480,675356,A,0.929,1.0,True,True
69105,675361,A,1.0,1.0,True,True
965677,675363,A,0.929,1.0,True,True
1474581,675364,A,1.0,1.0,True,True
1516327,675365,A,1.0,1.0,True,True
1512653,675373,A,1.0,0.857,True,True
675394,675380,A,0.867,0.897,True,True
1493888,675387,A,1.0,1.0,True,True
1185004,675388,A,1.0,1.0,True,True
1322846,675394,A,1.0,1.0,True,True
675393,675395,A,1.0,1.0,True,True
965664,675396,A,1.0,0.971,True,True
965669,675414,A,0.897,1.0,True,True
965671,675415,A,1.0,0.938,True,True
1322850,675418,A,1.0,1.0,True,True
1322825,675423,A,1.0,1.0,True,True
434535,675434,A,1.0,1.0,True,True
883546,675444,A,0.667,1.0,True,True
1520972,675445,A,1.0,0.97,True,True
627297,675454,A,1.0,0.947,True,True
1431872,675469,A,1.0,1.0,True,True
1519697,675471,A,1.0,1.0,True,True
965674,675475,A,0.788,1.0,True,True
1177439,675490,A,1.0,1.0,True,True
1178077,675493,A,1.0,1.0,True,True
1512253,675494,A,1.0,1.0,True,True
1322824,675495,A,1.0,1.0,True,True
950393,675498,A,1.0,0.889,True,True
1508746,675501,A,1.0,1.0,True,True
1322836,675503,A,1.0,1.0,True,True
1524395,675509,A,1.0,1.0,True,True
1322855,675519,A,1.0,1.0,True,True
1477110,675522,A,1.0,1.0,True,True
1135267,675525,A,1.0,1.0,True,True
1424210,675534,A,1.0,0.889,True,True
1317137,675536,A,1.0,1.0,True,True
1017641,675538,A,1.0,1.0,True,True
1322842,675539,A,1.0,1.0,True,True
235073,675540,A,1.0,1.0,True,True
1531190,675542,A,1.0,1.0,True,True
652729,675546,A,1.0,1.0,True,True
1511220,675550,A,1.0,1.0,True,True
802118,675553,A,0.636,1.0,True,True
1524314,675560,A,1.0,1.0,True,True
1424816,675565,A,1.0,0.875,True,True
1026642,675572,A,1.0,1.0,True,True
1524209,675579,A,1.0,1.0,True,True
1495989,675581,A,1.0,1.0,True,True
1444222,675587,A,1.0,0.857,True,True
1524520,675593,A,1.0,1.0,True,True
1524253,675597,A,1.0,1.0,True,True
1524486,675611,A,1.0,1.0,True,True
426879,675622,A,1.0,0.974,True,True
1477119,675625,A,1.0,1.0,True,True
940474,675633,A,1.0,1.0,True,False
66677,675635,A,1.0,1.0,True,True
1477340,675641,A,1.0,1.0,True,True
1524348,675645,A,1.0,1.0,True,True
1422539,675646,A,0.727,0.917,True,True
1385348,675648,A,1.0,0.903,True,True
652697,675649,A,1.0,1.0,True,True
1478079,675656,A,1.0,1.0,True,True
1322838,675663,A,1.0,1.0,True,True
1095456,675666,A,0.69,1.0,True,True
83002,675677,A,1.0,0.889,True,True
1182597,675687,A,1.0,1.0,True,True
1524505,675689,A,1.0,1.0,True,True
1333942,675691,A,1.0,0.87,True,True
1211631,675695,A,1.0,1.0,True,True
1464764,675696,A,1.0,0.903,True,True
1440824,675700,A,1.0,1.0,True,True
1381495,675701,A,1.0,1.0,True,True
553149,675709,A,1.0,1.0,True,True
69149,675736,A,1.0,1.0,True,True
1524480,675743,A,1.0,1.0,True,True
1456477,675744,A,1.0,1.0,True,True
1475742,675746,A,1.0,1.0,True,True
1423691,675754,A,1.0,1.0,True,True
1441306,675755,A,1.0,0.895,True,True
1424255,675757,A,1.0,1.0,True,True
1453045,675759,A,1.0,1.0,True,True
652747,675767,A,1.0,1.0,True,True
1524320,675774,A,1.0,1.0,True,True
1322858,675783,A,1.0,1.0,True,True
675397,675785,A,1.0,1.0,True,True
1422532,675788,A,0.8,1.0,True,True
1475830,675790,A,1.0,1.0,True,True
1475845,675791,A,1.0,0.96,True,True
1422529,675792,A,1.0,1.0,True,True
652752,675797,A,1.0,1.0,True,True
66562,675799,A,1.0,0.889,True,True
1524519,675808,A,1.0,1.0,True,True
1477099,675809,A,1.0,1.0,True,True
66906,675815,A,1.0,0.941,True,True
1530745,675818,A,0.957,1.0,True,True
1459803,675819,A,0.69,1.0,True,True
1322873,675831,A,1.0,1.0,True,True
1477126,675840,A,1.0,1.0,True,True
1477125,675850,A,1.0,1.0,True,True
1475876,675858,A,1.0,1.0,True,True
1477118,675862,A,1.0,1.0,True,True
85276,675863,A,1.0,1.0,True,True
1174038,675871,A,1.0,1.0,True,True
1267535,675873,A,1.0,1.0,True,True
85216,675874,A,0.878,1.0,True,True
1474570,675877,A,1.0,1.0,True,True
1475864,675878,A,1.0,1.0,True,True
1526750,675879,A,1.0,0.87,True,True
1265601,675882,A,1.0,0.897,True,True
1475654,675887,A,1.0,1.0,True,True
1447282,675888,A,1.0,1.0,True,True
1524402,675889,A,1.0,1.0,True,True
1317154,675890,A,1.0,1.0,True,True
1518158,675892,A,1.0,1.0,True,True
994711,675894,A,1.0,1.0,True,False
1524423,675900,A,1.0,1.0,True,True
1524222,675901,A,1.0,1.0,True,True
1475867,675905,A,1.0,1.0,True,True
1422502,675907,A,1.0,1.0,True,True
1317134,675909,A,1.0,1.0,True,True
1177913,675914,A,1.0,1.0,True,True
1178809,675918,A,1.0,1.0,True,True
1524351,675925,A,1.0,1.0,True,True
1071587,675930,A,1.0,1.0,True,False
1475718,675931,A,1.0,1.0,True,True
1422509,675932,A,1.0,1.0,True,True
1524491,675933,A,1.0,1.0,True,True
1470693,675934,A,0.615,1.0,True,True
652732,675937,A,1.0,1.0,True,True
1177862,675943,A,1.0,1.0,True,True
652788,675946,A,1.0,1.0,True,True
1475641,675948,A,1.0,1.0,True,True
1475783,675949,A,1.0,1.0,True,True
1441266,675954,A,1.0,1.0,True,True
67123,675956,A,1.0,1.0,True,True
1524454,675962,A,1.0,1.0,True,True
178152,675964,A,1.0,0.962,True,True
1177693,675966,A,1.0,1.0,True,True
80725,675968,A,1.0,1.0,True,True
1524227,675972,A,1.0,1.0,True,True
1513901,675974,A,1.0,0.889,True,True
1466668,675975,A,1.0,1.0,True,True
178155,675979,A,0.818,0.923,True,True
1531204,675986,A,1.0,1.0,True,True
1453882,675988,A,1.0,1.0,True,True
1477097,675989,A,1.0,1.0,True,True
1449010,675996,A,1.0,1.0,True,True
1444566,675997,A,1.0,0.941,True,True
1454039,675998,A,1.0,1.0,True,True
553150,675999,A,1.0,1.0,True,True
1107535,676006,A,1.0,1.0,True,True
1524319,676010,A,1.0,1.0,True,True
1524365,676012,A,1.0,1.0,True,True
1524306,676023,A,1.0,1.0,True,True
1288045,676025,A,1.0,1.0,True,True
1524515,676029,A,1.0,1.0,True,True
652750,676031,A,1.0,1.0,True,False
1449112,676036,A,1.0,1.0,True,True
67126,676037,A,1.0,1.0,True,True
1448960,676039,A,1.0,1.0,True,False
1524342,676042,A,1.0,1.0,True,True
1477105,676044,A,1.0,1.0,True,True
1524321,676049,A,1.0,1.0,True,True
1149724,676052,A,0.947,1.0,True,True
1452540,676059,A,1.0,1.0,True,True
83031,676063,A,1.0,1.0,True,True
1475894,676066,A,1.0,0.974,True,True
945529,676067,A,1.0,1.0,True,True
1425418,676074,A,1.0,0.947,True,True
1524263,676081,A,1.0,1.0,True,True
66558,676083,A,1.0,0.968,True,False
1534373,676087,A,1.0,1.0,True,True
1508594,676092,A,1.0,0.966,True,True
1524512,676095,A,1.0,1.0,True,True
880733,676096,A,0.72,1.0,True,True
953723,676097,A,1.0,1.0,True,True
1477129,676100,A,1.0,1.0,True,True
935208,676101,A,1.0,1.0,True,True
1539135,676103,A,1.0,1.0,True,True
883202,676105,A,0.7,0.87,True,True
675392,676107,A,1.0,1.0,True,True
1322837,676112,A,1.0,1.0,True,True
1524331,676113,A,1.0,1.0,True,True
675396,676119,A,1.0,1.0,True,False
178141,676124,A,0.818,1.0,True,True
67116,676125,A,1.0,1.0,True,True
1477113,676127,A,0.714,1.0,True,True
1322831,676128,A,1.0,1.0,True,True
1475813,676132,A,1.0,1.0,True,True
66910,676133,A,1.0,1.0,True,True
1524330,676137,A,1.0,1.0,True,True
85180,676138,A,1.0,0.9,True,True
1285093,676143,A,1.0,0.929,True,True
1322856,676145,A,1.0,1.0,True,False
1447628,676146,A,1.0,1.0,True,True
1325285,676148,A,1.0,1.0,True,True
980950,676152,A,1.0,1.0,True,True
1317150,676153,A,1.0,1.0,True,True
82153,676155,A,1.0,1.0,True,True
1445483,676157,A,0.877,1.0,True,True
1524448,676158,A,1.0,1.0,True,True
1438680,676161,A,1.0,1.0,True,True
1524349,676163,A,1.0,1.0,True,True
1475603,676164,A,1.0,0.88,True,True
633893,676165,A,1.0,1.0,True,True
1477337,676166,A,1.0,1.0,True,True
1177320,676177,A,1.0,1.0,True,True
1508730,676178,A,1.0,1.0,True,True
1079583,676179,A,1.0,1.0,True,True
66706,676180,A,1.0,1.0,True,True
85231,676181,A,1.0,1.0,True,True
807611,676185,A,1.0,1.0,True,True
1524352,676188,A,1.0,1.0,True,True
1524459,676190,A,1.0,1.0,True,True
1524487,676193,A,1.0,1.0,True,True
1524341,676194,A,1.0,1.0,True,True
1453242,676195,A,1.0,1.0,True,True
1067134,676197,A,1.0,1.0,True,True
67119,676206,A,1.0,1.0,True,True
1322832,676207,A,1.0,1.0,True,True
1448817,676208,A,1.0,1.0,True,True
1447100,676209,A,1.0,1.0,True,True
1449085,676212,A,1.0,1.0,True,True
1515751,676213,A,1.0,1.0,True,True
1475790,676215,A,1.0,1.0,True,True
435065,676216,A,1.0,1.0,True,True
1252537,676217,A,0.69,1.0,True,True
66900,676218,A,1.0,1.0,True,True
1524284,676220,A,1.0,1.0,True,True
66552,676222,A,1.0,1.0,True,True
85206,676224,A,1.0,1.0,True,True
553152,676226,A,1.0,0.88,True,True
1320805,676227,A,1.0,1.0,True,True
132842,676229,A,1.0,1.0,True,True
1524247,676230,A,1.0,1.0,True,True
1524232,676236,A,1.0,0.923,True,True
1322827,676237,A,1.0,1.0,True,True
1524327,676238,A,1.0,1.0,True,True
1513838,676240,A,1.0,1.0,True,True
435043,676243,A,1.0,1.0,True,True
1462845,676244,A,1.0,1.0,True,True
66924,676245,A,1.0,1.0,True,True
1524426,676246,A,1.0,1.0,True,True
1522016,676247,A,1.0,1.0,True,True
1322830,676249,A,1.0,1.0,True,True
1524397,676250,A,1.0,1.0,True,True
1524358,676251,A,1.0,1.0,True,True
1478069,676252,A,0.977,1.0,True,True
1524322,676253,A,1.0,1.0,True,True
427255,676255,A,1.0,1.0,True,True
1322854,676256,A,1.0,0.933,True,True
132710,676257,A,1.0,1.0,True,True
965666,676258,A,1.0,0.889,True,True
85305,676262,A,1.0,1.0,True,True
1524217,676267,A,1.0,1.0,True,True
920257,676268,A,1.0,1.0,True,True
1524372,676271,A,1.0,1.0,True,True
1524325,676272,A,1.0,1.0,True,True
1074675,676278,A,1.0,1.0,True,True
1428522,676279,A,1.0,1.0,True,True
1467627,676280,A,1.0,1.0,True,True
1524514,676281,A,1.0,1.0,True,True
1475764,676288,A,1.0,1.0,True,True
1477103,676292,A,1.0,1.0,True,True
73322,676300,A,1.0,1.0,True,True
904024,676303,A,1.0,1.0,True,True
1257459,676309,A,1.0,1.0,True,True
1322852,676310,A,1.0,1.0,True,True
1524329,676312,A,0.941,1.0,True,True
85239,676313,A,1.0,1.0,True,True
1477114,676314,A,1.0,1.0,True,True
1322839,676317,A,1.0,1.0,True,True
1272157,676319,A,1.0,1.0,True,False
67120,676321,A,0.743,1.0,True,True
1322835,676323,A,1.0,1.0,True,True
1524316,676325,A,1.0,1.0,True,True
1492671,676326,A,1.0,0.968,True,True
1177970,676328,A,1.0,1.0,True,True
1524299,676331,A,1.0,1.0,True,True
1539158,676332,A,1.0,1.0,True,True
1337021,676333,A,1.0,0.919,True,True
492713,676335,A,1.0,1.0,True,True
1337003,676337,A,1.0,0.952,True,True
1478072,676343,A,1.0,1.0,True,True
1322826,676345,A,1.0,1.0,True,True
1336995,676346,A,1.0,0.929,True,True
654981,676348,A,1.0,1.0,True,True
83059,676350,A,1.0,1.0,True,True
1322834,676353,A,1.0,1.0,True,True
1477112,676356,A,0.839,1.0,True,True
1322828,676357,A,1.0,1.0,True,True
178138,676359,A,0.846,1.0,True,True
1139763,676361,A,1.0,1.0,True,True
1210133,676362,A,1.0,1.0,True,True
1322841,676369,A,1.0,1.0,True,True
69112,676371,A,1.0,1.0,True,True
1524388,676373,A,1.0,0.974,True,True
1524350,676374,A,1.0,1.0,True,True
1432866,676376,A,1.0,0.976,True,True
1322853,676378,A,1.0,0.889,True,True
1501964,676382,A,1.0,1.0,True,True
1456401,676384,A,1.0,0.97,True,True
66566,676391,A,1.0,1.0,True,True
476985,676394,A,1.0,0.919,True,True
1524478,676395,A,1.0,1.0,True,True
1503539,676398,A,1.0,1.0,True,True
178158,676400,A,1.0,1.0,True,True
1322859,676402,A,1.0,1.0,True,True
132953,676406,A,1.0,1.0,True,True
1524324,676413,A,1.0,1.0,True,True
287668,676414,A,1.0,1.0,True,True
1262698,676415,A,1.0,0.875,True,True
1519926,676417,A,1.0,1.0,True,True
287671,676418,A,1.0,0.919,True,True
1524328,676421,A,0.9,1.0,True,True
1322847,676422,A,1.0,1.0,True,True
1069377,676424,A,1.0,1.0,True,True
287657,676425,A,1.0,0.857,True,True
1524323,676426,A,0.941,1.0,True,True
1277025,676428,A,1.0,1.0,True,True
1322849,676429,A,1.0,1.0,True,True
1079431,676430,A,1.0,1.0,True,True
1475803,676431,A,1.0,1.0,True,True
1524231,676432,A,1.0,1.0,True,True
1503285,676434,A,1.0,1.0,True,True
1477094,676438,A,1.0,1.0,True,True
972491,676440,A,1.0,1.0,True,True
480586,676441,A,1.0,1.0,True,True
1322829,676444,A,1.0,1.0,True,True
435138,676446,A,1.0,0.867,True,True
972686,676447,A,1.0,1.0,True,False
972677,676449,A,0.968,1.0,True,True
1451062,676450,A,1.0,1.0,True,True
1277018,676454,A,1.0,1.0,True,True
1080836,676458,A,1.0,0.914,True,True
1524440,676459,A,1.0,1.0,True,True
972477,676460,A,1.0,1.0,True,True
639279,676463,A,1.0,1.0,True,True
627449,676465,A,1.0,0.944,True,True
1424515,676466,A,1.0,1.0,True,True
1477120,676468,A,1.0,1.0,True,True
802117,676470,A,1.0,1.0,True,True
1322848,676471,A,1.0,1.0,True,True
1322833,676472,A,1.0,1.0,True,True
802114,676473,A,1.0,1.0,True,True
627435,676476,A,1.0,1.0,True,True
561507,676478,A,1.0,1.0,True,True
1120637,676479,A,1.0,0.895,True,True
802112,676480,A,0.667,1.0,True,True
1337014,676481,A,1.0,1.0,True,True
1088330,676482,A,1.0,0.977,True,True
795373,676485,A,1.0,1.0,True,True
1025150,676487,A,1.0,0.919,True,True
1261825,676490,A,0.977,1.0,True,True
1325272,676491,A,1.0,1.0,True,True
1528031,676492,A,1.0,1.0,True,True
675402,676495,A,1.0,0.87,True,True
1447087,676499,A,1.0,1.0,True,True
946148,686123,A,1.0,1.0,True,True
1210037,686124,A,1.0,1.0,True,True
1465507,725000,A,1.0,1.0,True,True
1336241,725004,A,1.0,1.0,True,True
1498707,725006,A,1.0,1.0,True,True
1477822,725008,A,1.0,1.0,True,True
1444925,725009,A,1.0,1.0,True,True
875286,745000,A,1.0,1.0,True,True
1121969,745005,A,1.0,1.0,True,True
1258223,745017,A,1.0,1.0,True,True
224833,745019,A,0.727,1.0,True,True
1477100,745021,A,1.0,1.0,True,True
1478065,745038,A,1.0,1.0,True,True
1508665,745040,A,1.0,1.0,True,False
1316411,745049,A,0.978,1.0,True,True
1477093,745050,A,1.0,1.0,True,True
1448659,745058,A,1.0,1.0,True,True
1459047,015035,B,1.0,0.7,True,True
1518027,015083,B,1.0,0.759,True,True
1213716,015117,B,1.0,0.643,True,True
1494564,015133,B,1.0,0.818,True,True
1534263,015143,B,0.24,1.0,True,True
75339,015145,B,1.0,0.703,True,True
75254,015148,B,1.0,0.643,True,True
1213675,015176,B,1.0,0.706,True,True
1459046,015179,B,1.0,0.867,False,True
1147023,015315,B,1.0,0.759,True,True
1213712,015336,B,1.0,0.615,True,True
912010,015392,B,0.421,1.0,True,True
927381,025020,B,1.0,0.8,True,True
1403491,035074,B,1.0,0.895,False,True
1524366,035087,B,1.0,0.643,True,True
1122276,045178,B,1.0,0.8,True,True
61408,045351,B,0.0,0.88,True,True
61443,045416,B,1.0,0.944,False,True
1147559,055002,B,0.308,1.0,True,True
820444,055168,B,0.545,0.889,True,True
1514122,055185,B,0.364,0.875,True,True
1452323,055196,B,1.0,0.642,True,True
1150527,055258,B,0.0,1.0,True,True
820402,055330,B,1.0,0.643,True,True
1524265,055387,B,1.0,0.69,True,True
1504783,055493,B,0.235,1.0,True,True
1378157,055640,B,0.174,1.0,True,True
1416597,055735,B,0.385,1.0,True,True
1262146,055755,B,1.0,0.643,True,True
1178845,055871,B,0.182,1.0,True,True
1134734,055983,B,1.0,0.788,True,True
1433175,056058,B,1.0,0.681,True,True
1509674,056082,B,0.471,1.0,True,True
1524196,056125,B,1.0,0.69,True,True
439702,056177,B,0.37,1.0,True,True
1462900,056242,B,0.984,0.75,True,True
818299,056281,B,0.476,0.963,True,True
1091360,056315,B,0.4,1.0,True,True
1228554,056353,B,0.417,1.0,True,True
1534243,056388,B,1.0,0.69,True,True
1146297,056488,B,0.16,1.0,True,True
1479664,065121,B,0.435,1.0,True,True
1289602,065129,B,1.0,0.828,True,True
980539,065139,B,1.0,0.811,True,True
1500924,065174,B,1.0,0.621,False,True
1156676,065195,B,0.476,0.87,True,True
1522044,065227,B,0.5,1.0,True,True
1534005,065234,B,1.0,0.774,True,True
1446327,065258,B,1.0,0.783,True,True
738365,065266,B,0.327,1.0,True,True
1053828,065306,B,1.0,0.615,True,True
1524334,065320,B,1.0,0.848,True,True
1186749,065337,B,1.0,0.8,True,True
1151066,065354,B,1.0,0.962,False,True
1147344,065402,B,0.192,1.0,True,True
1290570,065424,B,1.0,0.833,True,False
687496,075196,B,1.0,0.688,True,True
1029748,075250,B,0.148,1.0,True,True
1029811,075264,B,0.25,1.0,True,True
174845,075275,B,0.2,1.0,True,True
1029769,075295,B,1.0,0.667,False,True
1404820,075296,B,0.231,1.0,True,True
698912,075312,B,0.077,1.0,True,True
1029919,075314,B,0.069,1.0,True,True
698888,075319,B,0.061,1.0,True,False
698878,075324,B,0.095,1.0,True,True
698906,075332,B,0.083,1.0,True,True
1558646,075347,B,0.0,1.0,True,True
1021619,075348,B,1.0,0.642,True,True
698900,075350,B,0.071,1.0,True,True
1292055,075353,B,0.286,1.0,True,True
1029704,075359,B,0.261,1.0,True,True
698890,075367,B,0.08,1.0,True,True
1144781,075400,B,1.0,0.69,True,True
698894,075413,B,0.08,1.0,True,True
1029661,075442,B,0.16,1.0,True,True
1494642,085002,B,0.148,1.0,True,True
1136306,085058,B,0.214,1.0,True,True
1209191,105038,B,0.421,1.0,True,True
1469731,105140,B,1.0,0.75,True,True
1428742,105265,B,1.0,0.621,True,True
983500,105287,B,0.4,1.0,True,True
167548,105295,B,1.0,0.846,True,True
1312860,105325,B,0.32,1.0,True,True
245553,105333,B,0.903,0.741,True,True
1284821,105360,B,0.105,1.0,True,True
1478287,105422,B,1.0,0.667,True,True
913878,105468,B,1.0,0.755,True,True
1438886,105471,B,1.0,0.837,True,True
1450656,105482,B,0.2,1.0,True,True
1520864,105492,B,0.25,1.0,True,False
1346134,105498,B,0.182,1.0,True,True
1184739,105524,B,1.0,0.765,True,False
1024874,105541,B,1.0,0.786,True,True
1210200,105564,B,0.143,1.0,True,True
1531834,105597,B,0.357,1.0,True,True
1520719,105616,B,0.276,0.952,True,True
1506395,105640,B,1.0,0.75,True,True
1370609,105672,B,0.457,1.0,True,True
1498131,105734,B,1.0,0.812,True,True
995437,105756,B,1.0,0.643,True,True
1496224,105796,B,0.571,1.0,True,True
1256236,105834,B,0.387,1.0,True,True
1508893,105852,B,0.533,0.976,True,True
1273487,105915,B,1.0,0.83,True,True
1199356,105937,B,0.357,1.0,True,True
1207628,105955,B,0.0,1.0,True,True
1460648,105970,B,0.2,1.0,True,True
1154875,105975,B,0.0,1.0,True,True
1424981,105982,B,0.345,1.0,True,True
1437062,106018,B,0.308,1.0,True,True
1276502,106019,B,1.0,0.952,False,True
1098917,106024,B,0.364,1.0,True,True
1327296,106099,B,1.0,0.643,True,True
1336411,106119,B,1.0,0.81,True,True
1221411,106131,B,0.48,1.0,True,True
903284,115045,B,1.0,0.95,False,True
1455818,115129,B,0.278,0.909,True,True
1521278,115258,B,0.333,1.0,True,True
1493021,115277,B,0.273,1.0,True,True
925743,115289,B,1.0,0.846,True,True
1432532,115397,B,0.541,1.0,True,True
988714,115411,B,0.267,1.0,True,True
988705,115479,B,0.364,1.0,True,True
1539433,115545,B,1.0,0.609,True,True
1515409,115555,B,1.0,0.651,True,True
1070058,115570,B,1.0,0.757,True,True
988718,115575,B,0.4,1.0,True,True
988703,115577,B,0.4,1.0,True,True
1066920,115580,B,0.25,1.0,True,True
903403,115586,B,0.211,1.0,True,True
1030399,115595,B,1.0,0.848,True,True
1471523,115618,B,0.176,1.0,True,True
1432390,115622,B,0.429,1.0,True,True
1393125,115625,B,1.0,0.643,True,True
988711,115626,B,0.222,0.976,True,True
988709,115630,B,0.267,0.95,True,True
988716,115635,B,0.0,0.923,True,True
421433,115642,B,1.0,0.833,True,True
893699,115643,B,1.0,0.679,True,True
368960,115651,B,1.0,0.743,True,True
988706,115679,B,0.105,0.909,True,True
457986,115690,B,0.2,1.0,True,True
901560,115706,B,1.0,0.759,True,True
1493030,115709,B,0.32,1.0,True,False
1531274,115723,B,1.0,0.812,True,True
1432394,115733,B,0.333,1.0,True,True
860632,125051,B,1.0,0.923,False,True
1410140,135015,B,1.0,0.667,True,True
1410181,135052,B,1.0,0.667,True,True
259913,135055,B,1.0,0.8,True,True
1410165,135058,B,1.0,0.786,True,True
1410163,135067,B,0.552,1.0,True,True
726310,135075,B,1.0,0.7,True,True
1410152,135080,B,1.0,0.645,True,True
1456656,135081,B,1.0,0.839,True,True
1410162,135092,B,0.593,1.0,True,True
1410191,135094,B,0.593,1.0,True,True
1410186,135144,B,1.0,0.905,False,True
1438850,145016,B,1.0,0.857,False,True
1468694,145029,B,1.0,0.714,True,True
1411170,145039,B,1.0,0.839,True,True
365089,145050,B,0.0,1.0,True,True
933889,145142,B,0.385,0.867,True,True
1242001,145151,B,1.0,0.615,True,True
910154,145171,B,1.0,0.759,True,True
930238,145173,B,1.0,0.727,True,True
1456671,145220,B,1.0,0.846,True,True
1265051,145241,B,1.0,0.741,True,True
131504,145256,B,1.0,0.839,True,True
800818,145257,B,1.0,0.8,True,True
1437793,145324,B,1.0,0.667,True,False
1045782,145384,B,0.519,1.0,True,True
1459715,145439,B,1.0,0.786,True,True
670710,145445,B,0.25,1.0,True,True
933993,145450,B,1.0,0.8,True,True
1527444,145510,B,0.2,0.889,True,True
1037377,145571,B,1.0,0.857,False,True
1448859,145609,B,0.435,1.0,True,True
1429628,145624,B,1.0,0.774,True,True
1452711,145654,B,0.222,1.0,True,True
209641,145665,B,0.19,1.0,True,True
1148814,145666,B,1.0,0.743,True,True
1102866,145671,B,1.0,0.759,False,True
1139955,145673,B,1.0,0.769,True,True
1426340,145684,B,1.0,0.72,True,True
1429032,145692,B,1.0,0.75,True,True
1465377,145694,B,0.32,1.0,True,False
1449529,145696,B,1.0,0.8,True,True
430760,145699,B,0.278,1.0,True,True
1451311,145702,B,1.0,0.848,True,True
876570,145711,B,0.387,1.0,True,True
1443142,145752,B,0.258,0.857,True,True
1373544,145792,B,1.0,0.839,True,True
1273193,145807,B,1.0,0.759,True,True
1037464,145862,B,1.0,0.741,True,True
1469724,145874,B,1.0,0.929,False,True
1439867,145918,B,1.0,0.778,True,True
1446244,145938,B,0.378,0.875,True,True
1303495,145942,B,0.571,0.882,True,True
1451395,145977,B,0.345,1.0,True,True
1420513,145999,B,1.0,0.938,False,True
1430934,146017,B,0.5,1.0,True,True
1451994,146020,B,1.0,0.833,True,True
1441840,146025,B,0.0,1.0,True,True
1183381,146034,B,0.588,1.0,True,True
1372450,146036,B,1.0,0.846,True,True
1037838,146048,B,1.0,0.667,True,True
1430915,146050,B,1.0,0.621,True,True
1077920,146069,B,0.261,1.0,True,True
1289268,146078,B,0.3,0.919,True,True
1434799,146088,B,1.0,0.75,True,True
144507,146103,B,0.214,1.0,True,True
1538944,146117,B,1.0,0.846,True,True
1463548,146124,B,0.235,1.0,True,True
904022,146159,B,0.387,1.0,True,True
1172128,146164,B,0.294,0.938,True,True
1090860,146168,B,1.0,0.778,True,True
1522796,146181,B,1.0,0.857,False,True
1005289,146192,B,0.588,1.0,True,True
972380,146195,B,0.143,1.0,True,True
355093,14A383,B,0.286,1.0,True,False
1393132,155042,B,1.0,0.846,True,True
1531267,155062,B,1.0,0.7,True,True
1518100,155143,B,1.0,0.667,True,True
890384,155229,B,0.242,1.0,True,True
1092202,155233,B,1.0,0.621,True,True
693927,155289,B,1.0,0.957,False,True
1508695,155290,B,1.0,0.96,False,True
1015881,155297,B,0.583,1.0,True,True
80369,155299,B,0.19,1.0,True,True
1534218,155322,B,1.0,0.788,True,True
1520839,155338,B,1.0,0.75,True,True
1302390,155348,B,1.0,0.821,True,True
1508370,155376,B,1.0,0.8,True,True
1400371,155387,B,1.0,0.923,False,True
748938,155402,B,0.229,1.0,True,True
1532172,155446,B,0.359,1.0,True,True
1534575,155469,B,0.545,1.0,True,True
1455900,155503,B,0.37,1.0,True,True
809651,155522,B,0.0,1.0,True,True
1021469,155525,B,1.0,0.8,True,True
729431,155546,B,1.0,0.792,True,True
690418,155557,B,0.963,0.811,True,True
1464016,155572,B,1.0,0.634,True,True
1073049,155576,B,1.0,0.696,False,True
128773,155579,B,0.963,0.706,True,True
1116373,155586,B,0.524,1.0,True,True
955573,155621,B,1.0,0.933,False,True
148264,155693,B,1.0,0.846,True,True
809653,155718,B,0.0,1.0,True,True
1045751,155720,B,1.0,0.828,True,True
1116542,155744,B,0.571,1.0,True,True
885082,155773,B,1.0,0.938,False,True
1400409,155780,B,0.333,1.0,True,True
882783,155821,B,1.0,0.75,True,True
809654,155839,B,0.0,1.0,True,True
1038705,155847,B,1.0,0.621,True,True
1379779,165017,B,1.0,0.688,True,True
1169762,165072,B,1.0,0.621,True,True
1379640,165104,B,1.0,0.615,True,True
1079836,165162,B,1.0,0.625,True,True
1168720,165169,B,0.549,1.0,True,True
1372712,165179,B,1.0,0.72,True,True
1505777,165190,B,0.489,1.0,True,True
1334465,165202,B,1.0,0.69,True,True
1455339,165218,B,0.348,1.0,True,True
1440967,165243,B,1.0,0.818,True,True
936416,165267,B,1.0,0.786,False,True
1450779,165270,B,1.0,0.684,True,True
1092789,165272,B,1.0,0.743,True,True
1470853,165273,B,0.35,1.0,True,True
1450741,165294,B,1.0,0.75,True,True
1450764,165295,B,1.0,0.744,True,True
1426978,165297,B,1.0,0.621,True,True
1450772,165298,B,1.0,0.821,True,True
1450758,165300,B,0.978,0.718,True,True
1258078,165304,B,1.0,0.686,True,True
1450745,165305,B,1.0,0.667,True,True
1450759,165314,B,1.0,0.8,True,True
1450748,165323,B,1.0,0.609,True,True
1276569,165355,B,0.174,1.0,True,True
1421313,165375,B,1.0,0.643,True,True
1467625,165382,B,1.0,0.643,True,True
1259250,165389,B,1.0,0.842,True,True
1450778,165390,B,1.0,0.643,True,True
181798,165397,B,1.0,0.686,True,True
1450775,165401,B,1.0,0.643,True,True
1450765,165404,B,1.0,0.732,True,True
1557880,165424,B,1.0,0.788,True,True
1524511,165444,B,1.0,0.828,True,True
46779,165498,B,1.0,0.815,True,True
1013149,165524,B,1.0,0.714,False,True
888697,165535,B,1.0,0.611,True,True
1385130,165576,B,1.0,0.741,True,True
1090852,165603,B,1.0,0.703,True,True
1338896,165791,B,1.0,0.929,False,True
1269080,16E277,B,1.0,0.846,False,True
595929,16E638,B,1.0,0.667,True,True
1505383,175171,B,0.385,1.0,True,True
1277035,175183,B,1.0,0.824,True,True
1522004,175232,B,1.0,0.64,False,True
1521999,175249,B,1.0,0.692,True,True
1442190,175254,B,1.0,0.821,True,True
1453073,175274,B,1.0,0.811,True,True
1498671,175290,B,1.0,0.643,True,True
1401284,175303,B,1.0,0.72,True,True
1498633,175313,B,1.0,0.846,True,False
400726,175374,B,1.0,0.9,False,True
1284722,175425,B,1.0,0.839,True,True
880878,175514,B,1.0,0.815,True,True
1100098,175525,B,0.231,0.897,True,True
1184847,175527,B,0.095,1.0,True,True
1522776,175566,B,1.0,0.788,False,True
135880,185006,B,1.0,0.933,False,True
1441393,185012,B,0.111,1.0,True,True
1522602,185047,B,1.0,0.652,True,True
1437603,185048,B,0.273,1.0,True,True
138988,185052,B,0.5,1.0,True,True
1280269,185065,B,0.207,1.0,True,True
1325147,185093,B,0.316,1.0,True,True
1445594,185122,B,1.0,0.63,True,True
135230,185127,B,1.0,0.615,True,True
1437042,185149,B,0.211,1.0,True,True
143673,185168,B,0.522,1.0,True,True
136647,185169,B,0.588,1.0,True,True
1502546,185178,B,0.211,1.0,True,True
1540086,185217,B,1.0,0.759,True,True
223679,185260,B,0.4,1.0,True,True
569452,185288,B,1.0,0.765,True,True
138961,185300,B,0.594,0.968,True,True
136756,185311,B,0.517,1.0,True,True
1440830,185312,B,0.0,1.0,True,True
1277446,185320,B,1.0,0.686,True,True
875320,185338,B,0.194,1.0,True,True
140683,185381,B,0.465,1.0,True,True
810103,185486,B,1.0,0.846,True,True
611792,195201,B,0.0,1.0,True,True
1499311,195293,B,0.323,1.0,True,True
1291246,195324,B,0.316,1.0,True,True
971644,195327,B,0.286,1.0,True,True
1270106,195344,B,0.571,1.0,True,True
1499316,195346,B,0.333,1.0,True,True
1447731,195353,B,1.0,0.667,True,True
814157,195374,B,1.0,0.75,True,True
1499302,195396,B,0.429,1.0,True,True
1499313,195407,B,0.37,1.0,True,True
1074222,195412,B,1.0,0.745,True,True
1067962,195414,B,1.0,0.824,True,True
1499317,195454,B,0.261,1.0,True,True
1433624,195466,B,1.0,0.818,True,True
1192939,195477,B,1.0,0.7,True,True
910625,195508,B,1.0,0.875,False,True
903875,195523,B,1.0,0.8,True,True
1494105,195543,B,0.909,0.815,True,True
552597,195557,B,0.533,1.0,True,True
1494005,195571,B,1.0,0.8,True,True
912552,195577,B,1.0,0.792,False,True
922532,195602,B,0.222,1.0,True,True
1284235,195619,B,0.25,1.0,True,True
1532664,195638,B,0.233,1.0,True,True
1432236,205018,B,0.176,1.0,True,True
668857,205065,B,0.571,1.0,True,True
890768,205163,B,0.345,0.929,True,True
1110605,215024,B,0.3,1.0,True,True
1399027,215043,B,0.258,1.0,True,True
1399032,215065,B,0.278,1.0,True,True
1137687,215186,B,0.516,1.0,True,True
1399018,215231,B,0.276,1.0,True,True
1137869,215249,B,0.4,1.0,True,True
1138125,215253,B,0.267,1.0,True,True
1399031,215268,B,0.261,1.0,True,True
1474994,215273,B,1.0,0.844,True,True
1308168,215321,B,0.133,1.0,True,True
1090269,215335,B,1.0,0.857,False,True
1120394,215356,B,0.25,1.0,True,True
1325117,215362,B,0.316,1.0,True,True
1140605,215364,B,0.353,1.0,True,True
1337951,225002,B,1.0,0.7,True,True
1486679,225040,B,0.353,1.0,True,True
698910,225063,B,0.071,0.941,True,True
1406102,225110,B,1.0,0.815,True,True
653764,225191,B,1.0,0.667,False,True
698909,225199,B,0.0,1.0,True,True
698915,225207,B,0.0,1.0,True,True
698901,225215,B,0.0,1.0,True,True
698897,225218,B,0.0,1.0,True,True
698902,225225,B,0.0,1.0,True,True
698907,225283,B,0.0,1.0,True,True
1512506,225290,B,1.0,0.612,True,True
698922,225293,B,0.0,0.96,True,True
698920,225298,B,0.0,1.0,True,True
1192385,225332,B,1.0,0.9,False,True
698880,225337,B,0.1,1.0,True,True
698881,225338,B,0.105,1.0,True,True
304623,225357,B,1.0,0.848,True,True
698898,225390,B,0.105,1.0,True,True
698885,225395,B,0.087,1.0,True,True
1447803,225402,B,1.0,0.786,False,True
747059,225409,B,1.0,0.741,False,True
1467489,225439,B,0.368,1.0,True,False
1179812,225443,B,0.267,1.0,True,True
1498223,225471,B,0.231,1.0,True,True
1277439,225481,B,1.0,0.968,False,True
698911,225488,B,0.0,1.0,True,True
314015,225495,B,0.294,1.0,True,True
279192,225506,B,0.476,1.0,True,True
901270,225577,B,0.0,0.919,True,True
452806,225643,B,0.2,1.0,True,True
1255271,225679,B,1.0,0.765,True,True
1435162,225739,B,0.231,1.0,True,True
1310330,235027,B,0.067,0.923,True,True
1283002,235028,B,0.067,0.909,True,True
1353746,235035,B,0.24,1.0,True,True
1468144,235039,B,0.311,0.909,True,True
389320,235072,B,1.0,0.923,False,True
1353745,235164,B,0.231,0.947,True,True
1519614,235179,B,1.0,0.625,True,True
1519613,235244,B,1.0,0.667,True,True
1117151,235257,B,0.069,0.889,True,True
55688,235269,B,0.333,0.897,True,True
55686,235274,B,0.16,1.0,True,True
1468149,235290,B,0.356,1.0,True,True
1468134,235294,B,0.458,0.88,True,True
1066274,235297,B,0.333,1.0,True,True
1519620,235343,B,1.0,0.75,False,True
1468161,235355,B,0.4,0.947,True,True
1468126,235357,B,0.333,1.0,True,True
1557938,235360,B,0.231,1.0,True,True
1468138,235366,B,0.426,0.93,True,False
1447288,235374,B,1.0,0.811,True,True
1096624,235377,B,1.0,0.765,True,True
1269357,235384,B,0.182,0.889,True,True
55689,235400,B,0.222,1.0,True,True
1447548,235439,B,0.579,0.857,True,True
1503498,235440,B,0.077,0.914,True,True
1468136,235454,B,0.333,1.0,True,True
1506932,235462,B,0.148,1.0,True,False
1468164,235468,B,0.279,1.0,True,True
557306,235471,B,0.222,1.0,True,True
402230,235473,B,1.0,0.757,True,True
1467193,235487,B,0.98,0.848,True,True
131310,235490,B,1.0,0.842,True,True
1353763,235502,B,0.182,0.897,True,True
1338756,235519,B,1.0,0.743,True,True
1468154,235538,B,0.583,1.0,True,True
1416796,235539,B,1.0,0.788,True,True
1283535,235547,B,0.952,0.733,True,True
1519646,235550,B,1.0,0.625,False,True
1468153,235552,B,0.333,1.0,True,True
1460154,235580,B,0.583,1.0,True,True
1418247,235582,B,1.0,0.714,True,False
855971,235585,B,0.133,1.0,True,True
1520057,235594,B,1.0,0.743,True,True
1335069,235598,B,0.348,1.0,True,True
954665,235605,B,0.222,1.0,True,True
1519639,235621,B,1.0,0.824,True,True
1419269,235626,B,1.0,0.917,False,True
1558955,235632,B,1.0,0.667,True,True
881229,235646,B,0.541,1.0,True,True
116464,235661,B,1.0,0.75,True,True
116480,235718,B,1.0,0.789,True,True
1294259,235729,B,0.596,0.875,True,True
1465502,235735,B,1.0,0.8,True,True
1450028,245018,B,0.462,0.927,True,True
999330,245039,B,0.318,1.0,True,True
1507660,245067,B,0.944,0.643,True,True
1476381,245148,B,1.0,0.623,True,True
1498492,245205,B,1.0,0.783,True,True
1338872,245210,B,1.0,0.882,False,True
1102274,245222,B,1.0,0.645,True,True
1314311,245232,B,0.267,1.0,True,True
953722,245233,B,0.421,1.0,True,True
1531779,245234,B,0.989,0.846,True,True
1254324,245240,B,1.0,0.933,False,True
1048223,245250,B,0.471,1.0,True,True
418496,245281,B,1.0,0.766,True,True
1065589,245291,B,0.483,1.0,True,True
1475802,245295,B,1.0,0.653,True,True
317862,245307,B,1.0,0.6,True,True
1502969,245317,B,1.0,0.933,False,True
856466,245339,B,1.0,0.778,True,True
1507733,245345,B,1.0,0.645,True,True
1276548,245349,B,1.0,0.828,True,True
1182222,245358,B,0.258,1.0,True,True
1447243,245366,B,0.222,1.0,True,True
559563,245372,B,0.077,0.897,True,True
664079,245378,B,1.0,0.643,True,True
812471,245384,B,0.3,0.929,True,True
1338873,245389,B,1.0,0.944,False,True
889320,245393,B,1.0,0.733,True,True
1475882,245394,B,1.0,0.691,True,True
1286208,245397,B,0.154,1.0,True,True
952718,245405,B,1.0,0.846,True,True
1476769,245417,B,1.0,0.618,True,True
315228,245420,B,0.167,0.909,True,True
1503294,245422,B,1.0,0.621,True,True
1338870,245424,B,0.368,1.0,True,True
969200,245431,B,1.0,0.621,True,True
686323,245438,B,0.258,1.0,True,True
1534047,245442,B,0.083,1.0,True,True
1260019,245445,B,1.0,0.667,True,True
1045567,245449,B,0.267,1.0,True,True
1458082,245455,B,1.0,0.667,True,True
1338876,245462,B,1.0,0.933,False,True
279136,245482,B,1.0,0.643,True,True
1175506,245488,B,0.552,1.0,True,True
1096654,245489,B,0.286,1.0,True,True
303714,245490,B,1.0,0.828,True,True
1476621,245492,B,1.0,0.655,True,True
1147854,245502,B,0.333,1.0,True,True
1508727,245507,B,1.0,0.774,True,True
578355,245512,B,0.308,1.0,True,True
1337039,245519,B,0.481,1.0,True,True
1374670,245536,B,1.0,0.683,True,True
810376,245537,B,1.0,0.688,True,True
1431372,245563,B,0.486,1.0,True,True
670231,245570,B,1.0,0.6,True,True
321855,245579,B,1.0,0.815,True,True
1211320,245593,B,1.0,0.69,True,True
1338881,245637,B,1.0,0.929,False,True
1449365,245638,B,1.0,0.643,True,True
944128,255096,B,1.0,0.64,False,True
1179800,255119,B,1.0,0.833,True,True
1454432,255214,B,0.333,0.941,True,True
1448337,255216,B,1.0,0.816,True,True
1124372,255227,B,1.0,0.71,True,True
552844,255251,B,1.0,0.929,False,True
1080722,255276,B,1.0,0.622,True,True
210165,255278,B,1.0,0.667,True,True
71675,255284,B,0.174,1.0,True,True
1180795,255293,B,1.0,0.929,False,True
953294,255314,B,1.0,0.727,True,True
1122210,25A233,B,1.0,0.75,True,True
1067200,265324,B,1.0,0.788,True,True
1205127,265358,B,1.0,0.743,True,True
816150,265365,B,0.263,1.0,True,True
1113205,265369,B,1.0,0.955,False,True
1451147,265415,B,1.0,0.917,False,True
233316,265420,B,1.0,0.839,True,True
1450315,265486,B,0.216,1.0,True,True
823636,265520,B,0.316,1.0,True,True
1376891,265521,B,0.2,1.0,True,True
1267520,265556,B,0.0,1.0,True,True
1452428,265627,B,1.0,0.744,True,True
1452888,265629,B,1.0,0.8,True,True
1182551,265688,B,0.0,1.0,True,True
1376938,265714,B,0.138,1.0,True,True
1451024,265765,B,0.417,1.0,True,True
1492957,265784,B,0.2,1.0,True,True
1253240,265785,B,0.333,1.0,True,True
1523492,265786,B,1.0,0.938,False,True
903484,265798,B,0.0,1.0,True,True
1464198,265810,B,0.375,1.0,True,True
1220367,265837,B,1.0,0.857,False,True
1071580,265851,B,1.0,0.743,True,True
1129387,265860,B,1.0,0.766,True,True
1376855,265885,B,0.24,0.903,True,True
1410184,275040,B,1.0,0.615,True,True
1410146,275044,B,0.591,1.0,True,True
1237333,275049,B,1.0,0.741,False,True
1186974,275069,B,1.0,0.643,True,True
1417940,285049,B,1.0,0.622,True,True
1307648,285054,B,1.0,0.839,True,True
1424997,285076,B,0.333,1.0,True,True
1302488,285137,B,1.0,0.837,True,True
1520005,285166,B,1.0,0.72,True,True
1473459,285185,B,0.267,0.923,True,True
1450658,285252,B,1.0,0.833,False,True
1446010,285307,B,0.552,1.0,True,True
731424,28E299,B,0.25,1.0,True,True
1454765,28E302,B,1.0,0.824,True,True
733652,295050,B,1.0,0.833,True,True
1455199,295076,B,0.5,1.0,True,True
1147299,295084,B,0.213,1.0,True,True
1147367,295091,B,0.196,1.0,True,True
899941,295095,B,0.343,0.974,True,True
1147390,295103,B,0.235,1.0,True,True
1508361,305005,B,0.091,1.0,True,True
1494893,305040,B,0.286,1.0,True,True
1494562,305075,B,1.0,0.833,True,True
1471371,305076,B,1.0,0.783,True,True
121208,315072,B,1.0,0.923,False,True
554534,315111,B,1.0,0.786,True,True
1398810,315119,B,0.424,1.0,True,True
1459729,315142,B,0.25,1.0,True,True
1291605,315153,B,0.0,1.0,True,True
1327044,315177,B,0.211,1.0,True,True
1159734,315231,B,0.0,1.0,True,True
1277408,315273,B,1.0,0.722,True,True
1466696,315274,B,1.0,0.792,True,True
1520240,315294,B,1.0,0.857,False,True
900968,315299,B,1.0,0.824,True,True
410181,315321,B,1.0,0.667,True,True
1211351,315331,B,0.2,1.0,True,True
960884,315352,B,0.296,1.0,True,True
1052437,315377,B,1.0,0.889,False,True
1245202,315426,B,1.0,0.833,False,True
972181,315461,B,1.0,0.683,True,True
1245197,315479,B,1.0,0.741,True,True
1245198,315482,B,1.0,0.848,True,True
1495230,325108,B,1.0,0.889,False,True
1076116,335028,B,0.421,0.875,True,True
135746,335056,B,0.286,1.0,True,True
1442153,335164,B,0.267,1.0,True,True
1558708,335199,B,0.167,1.0,True,True
847601,335210,B,0.235,1.0,True,True
1446312,335261,B,1.0,0.75,False,True
475602,335266,B,1.0,0.714,True,True
265421,335267,B,0.28,1.0,True,True
1087826,335281,B,0.19,1.0,True,True
480660,335310,B,1.0,0.786,True,True
1011314,335326,B,0.205,1.0,True,True
161174,335333,B,1.0,0.842,True,True
556938,335336,B,0.235,0.895,True,True
263871,335346,B,0.167,1.0,True,True
1292378,335363,B,1.0,0.692,True,True
1107704,335378,B,1.0,0.651,True,True
1193838,335398,B,1.0,0.667,True,True
190343,335411,B,0.588,1.0,True,True
489723,335429,B,0.316,1.0,True,True
1117279,335433,B,0.519,1.0,True,True
1434853,335440,B,0.154,1.0,True,True
1314574,335464,B,0.214,1.0,True,False
1061641,335472,B,0.1,0.968,True,True
1517273,335476,B,1.0,0.9,False,True
503087,335500,B,0.263,1.0,True,True
957056,335522,B,0.316,1.0,True,True
193104,335531,B,1.0,0.842,True,True
1430574,335560,B,0.333,1.0,True,True
578231,335569,B,0.279,1.0,True,True
1374301,335576,B,1.0,0.836,True,True
143822,335577,B,0.372,1.0,True,True
1447134,335583,B,1.0,0.973,False,True
1428917,335610,B,0.143,0.857,True,True
423639,335625,B,0.263,1.0,True,True
1457097,335632,B,1.0,0.6,False,True
1507439,335647,B,1.0,0.857,False,True
1088637,335652,B,0.333,1.0,True,True
1156340,335667,B,0.485,1.0,True,True
1472071,335678,B,0.303,1.0,True,True
154652,335679,B,0.294,1.0,True,True
1533176,335682,B,1.0,0.923,False,True
263939,335691,B,0.364,1.0,True,True
601460,335697,B,0.188,1.0,True,True
1436614,335704,B,1.0,0.846,True,True
670885,335721,B,1.0,0.727,True,True
166839,335752,B,0.378,1.0,True,True
627290,335760,B,1.0,0.842,True,True
598751,335767,B,0.583,1.0,True,True
521664,335788,B,0.462,1.0,True,True
1088730,335789,B,0.296,1.0,True,True
1014268,335791,B,1.0,0.909,False,True
969863,335804,B,0.593,1.0,True,True
1497462,335838,B,1.0,0.96,False,True
1513397,335839,B,0.133,1.0,True,True
1534038,335859,B,1.0,0.846,False,True
1187417,335878,B,0.1,1.0,True,True
1466177,345011,B,0.381,1.0,True,True
1466152,345014,B,0.37,1.0,True,True
565820,345050,B,0.558,1.0,True,True
554806,345072,B,1.0,0.737,True,True
1266585,345090,B,1.0,0.895,False,True
1466210,345092,B,0.273,1.0,True,True
889556,345111,B,1.0,0.909,False,True
1466172,345116,B,0.32,1.0,True,True
1465709,345131,B,0.25,1.0,True,True
1466200,345133,B,0.308,1.0,True,True
1466168,345149,B,0.3,1.0,True,True
1264499,345173,B,0.222,1.0,True,True
1326355,345183,B,0.25,1.0,True,True
1540136,345201,B,0.273,1.0,True,True
1095161,345204,B,0.476,1.0,True,True
1465719,345227,B,0.308,1.0,True,True
653298,345255,B,1.0,0.812,True,True
1466155,345261,B,0.308,1.0,True,True
1465704,345344,B,0.267,1.0,True,True
1149258,345351,B,1.0,0.759,True,True
676078,345366,B,1.0,0.71,True,True
1512824,345381,B,1.0,0.769,True,True
114730,345400,B,0.0,1.0,True,True
1064324,345411,B,0.348,1.0,True,True
419020,345423,B,0.375,0.914,True,True
1418544,345466,B,1.0,0.72,True,True
1465722,345509,B,0.308,1.0,True,True
409598,345512,B,1.0,0.966,False,True
1466159,345520,B,0.308,1.0,True,True
1326396,345529,B,0.364,1.0,True,True
61143,345534,B,0.0,1.0,True,True
1492958,345575,B,1.0,0.8,True,True
1284754,345576,B,0.118,1.0,True,True
858641,355041,B,1.0,0.848,False,True
902404,355051,B,1.0,0.8,True,True
1527438,355093,B,0.508,1.0,True,True
1473015,355095,B,0.333,1.0,True,True
159044,355102,B,0.308,1.0,True,True
520854,355110,B,1.0,0.846,True,True
1220887,355125,B,0.518,1.0,True,True
1538330,365046,B,1.0,0.8,False,True
282638,365065,B,0.211,1.0,True,True
1508620,365152,B,0.267,1.0,True,True
1469109,365218,B,1.0,0.857,False,True
516534,365267,B,1.0,0.824,False,True
919321,365333,B,1.0,0.605,True,True
1515018,365339,B,0.343,1.0,True,True
1506900,365340,B,1.0,0.615,True,True
1063361,365353,B,1.0,0.774,True,True
1451137,365376,B,1.0,0.619,True,True
1453810,365388,B,1.0,0.703,True,True
1285125,365393,B,0.296,1.0,True,True
1400426,365424,B,1.0,0.8,True,True
1402198,365429,B,0.389,1.0,True,True
1372679,365436,B,1.0,0.6,True,True
1474678,365437,B,1.0,0.75,True,True
325509,365460,B,0.267,1.0,True,True
544900,365483,B,0.27,1.0,True,True
714132,365508,B,0.231,1.0,True,True
161759,365515,B,0.303,1.0,True,True
687948,365527,B,1.0,0.757,True,True
646001,365529,B,1.0,0.919,False,True
109593,365541,B,1.0,0.743,True,True
1441355,365591,B,1.0,0.791,True,True
1373609,365638,B,0.3,1.0,True,True
545202,365684,B,0.188,1.0,True,True
282639,365690,B,0.364,1.0,True,True
325517,365715,B,1.0,0.8,True,True
1503102,365717,B,1.0,0.632,True,True
984468,365735,B,0.324,1.0,True,True
1460228,365744,B,1.0,0.667,True,True
1438856,365748,B,0.476,0.903,True,True
1450152,365758,B,0.25,1.0,True,True
646003,365785,B,0.0,1.0,True,True
1175380,365794,B,1.0,0.8,True,True
1476299,365796,B,0.273,1.0,True,True
1451984,365825,B,0.333,1.0,True,True
873069,365835,B,1.0,0.643,False,True
942799,365865,B,1.0,0.938,False,True
1400367,365892,B,1.0,0.811,True,True
915648,365902,B,0.222,0.943,True,True
1015548,365968,B,0.588,1.0,True,True
172738,366004,B,0.25,1.0,True,True
1400401,366008,B,1.0,0.667,False,True
1338911,366013,B,1.0,0.774,True,True
922116,366015,B,0.533,1.0,True,True
224018,366024,B,1.0,0.643,True,True
1148101,366040,B,0.37,0.898,True,True
1440822,366043,B,1.0,0.848,True,True
1449885,366044,B,1.0,0.741,True,True
1424250,366102,B,0.312,1.0,True,True
1441072,366128,B,1.0,0.826,True,True
1156579,366139,B,1.0,0.848,True,True
1331441,366141,B,0.231,1.0,True,True
121227,366151,B,0.343,1.0,True,True
282641,366156,B,0.414,1.0,True,True
1005718,366200,B,0.2,0.88,True,True
1455404,366217,B,1.0,0.69,True,True
1558444,366261,B,1.0,0.741,True,True
1251820,366266,B,1.0,0.63,True,True
1447342,366277,B,1.0,0.71,True,True
282640,366296,B,0.25,1.0,True,True
1477505,366339,B,0.303,1.0,True,True
942868,366346,B,1.0,0.875,False,True
163232,366353,B,1.0,0.711,True,True
1508602,366373,B,1.0,0.96,False,True
1256326,366374,B,1.0,0.941,False,True
1453883,366412,B,1.0,0.812,True,True
699549,366421,B,1.0,0.655,True,True
1206486,366431,B,0.375,1.0,True,True
114386,366452,B,1.0,0.933,False,True
1465491,366465,B,1.0,0.847,True,True
1431212,366471,B,0.326,1.0,True,True
1315086,366486,B,1.0,0.667,True,True
921991,375159,B,1.0,0.733,False,True
921929,375195,B,1.0,0.846,True,True
90046,375229,B,0.148,1.0,True,True
90116,375256,B,0.214,0.889,True,False
921913,375259,B,1.0,0.815,True,True
1118176,375351,B,0.267,0.903,True,True
1066843,375437,B,0.211,1.0,True,True
1432389,375515,B,1.0,0.846,True,True
881381,375540,B,0.261,1.0,True,True
883335,375551,B,0.296,1.0,True,True
1422530,375568,B,0.143,1.0,True,True
1256974,385077,B,1.0,0.769,True,True
1278416,385126,B,0.375,1.0,True,True
1067477,385269,B,1.0,0.958,False,True
1557838,385271,B,0.364,1.0,True,True
879762,395015,B,0.37,1.0,True,True
77189,395221,B,1.0,0.8,False,True
1267155,395226,B,1.0,0.621,True,True
199141,395330,B,0.273,1.0,True,True
1530460,395338,B,0.0,0.966,True,True
1457436,395380,B,0.471,0.944,True,True
920821,395401,B,0.381,1.0,True,True
1520918,395430,B,1.0,0.815,True,True
98845,395437,B,1.0,0.846,True,True
1498491,395459,B,1.0,0.71,True,True
1089038,395482,B,1.0,0.718,True,True
639405,395537,B,0.32,1.0,True,True
185024,395549,B,0.188,1.0,True,True
1270944,395552,B,0.583,1.0,True,True
939058,395558,B,1.0,0.828,True,True
951999,395587,B,1.0,0.71,True,True
1530148,395593,B,1.0,0.743,True,True
1363858,395609,B,0.468,1.0,True,True
1151082,395616,B,0.375,1.0,True,True
1102894,395661,B,0.211,1.0,True,True
999525,395700,B,1.0,0.759,True,True
1446974,395717,B,1.0,0.636,True,True
824677,395721,B,0.581,1.0,True,True
1438396,395770,B,1.0,0.643,True,True
1447620,395774,B,1.0,0.605,True,True
1518039,395777,B,0.5,1.0,True,True
1451736,395779,B,0.0,1.0,True,True
1558263,395880,B,1.0,0.812,False,True
1257228,395895,B,0.513,1.0,True,True
742874,396072,B,0.286,1.0,True,True
1460396,396086,B,1.0,0.833,True,True
1475690,396088,B,1.0,0.757,True,True
1488218,396093,B,0.333,1.0,True,True
458135,396101,B,1.0,0.947,False,True
1315323,396114,B,0.348,1.0,True,True
698923,415033,B,0.077,1.0,True,True
698916,415042,B,0.057,1.0,True,True
1125440,415053,B,1.0,0.938,False,True
77864,415054,B,0.154,1.0,True,True
698896,415059,B,0.077,1.0,True,True
1452167,415067,B,0.435,1.0,True,True
698895,415110,B,0.062,1.0,True,True
698904,415129,B,0.061,1.0,True,True
1553767,425013,B,0.444,1.0,True,True
728336,425063,B,1.0,0.811,True,True
1501827,425106,B,0.229,1.0,True,True
1294343,425129,B,0.276,1.0,True,True
1523119,425142,B,1.0,0.842,True,True
1501206,425146,B,0.381,0.974,True,True
938969,425157,B,1.0,0.867,False,True
1501495,425294,B,0.35,1.0,True,False
1148780,425334,B,1.0,0.811,False,True
272753,425341,B,1.0,0.786,True,True
938031,435009,B,1.0,0.69,True,True
1505623,435044,B,0.459,1.0,True,True
1446321,435048,B,1.0,0.759,True,True
559333,435054,B,1.0,0.643,True,True
563136,435059,B,1.0,0.733,True,True
838153,435070,B,0.5,1.0,True,True
1089893,435090,B,0.273,1.0,True,True
1533396,435098,B,0.462,1.0,True,True
1336023,435118,B,1.0,0.643,True,True
1538752,445076,B,1.0,0.792,True,True
1453102,445114,B,1.0,0.769,True,True
810280,445116,B,1.0,0.718,True,True
1432476,445123,B,1.0,0.684,False,True
683671,445126,B,1.0,0.718,True,True
1438406,445130,B,1.0,0.6,True,True
154041,445136,B,0.55,1.0,True,True
153701,445140,B,0.583,1.0,True,True
1464806,445157,B,0.105,1.0,True,True
1194082,445172,B,0.24,1.0,True,True
1101340,445183,B,1.0,0.759,True,True
140321,445217,B,0.564,1.0,True,True
131407,445220,B,0.381,1.0,True,True
131390,445232,B,1.0,0.769,True,True
1535506,445253,B,1.0,0.765,True,True
1458058,445259,B,1.0,0.691,True,True
1524492,445263,B,0.588,1.0,True,True
1314576,445286,B,1.0,0.686,True,False
1053933,445293,B,0.316,1.0,True,True
1462824,445294,B,1.0,0.698,True,True
1072947,445298,B,1.0,0.686,True,False
1446858,445300,B,1.0,0.722,True,True
1533136,445329,B,0.182,1.0,True,True
1273664,445357,B,1.0,0.774,True,True
1558852,445382,B,0.421,1.0,True,True
1559207,445411,B,0.312,1.0,True,False
1478994,445422,B,1.0,0.615,True,True
1092593,445425,B,1.0,0.759,True,True
1503129,445429,B,0.182,1.0,True,True
1331380,445437,B,1.0,0.627,True,True
1524346,445443,B,1.0,0.81,False,True
1261856,445446,B,1.0,0.667,False,True
1260667,445454,B,1.0,0.744,True,True
1533848,445467,B,1.0,0.703,True,True
1451234,445468,B,1.0,0.718,True,True
1470499,445491,B,1.0,0.812,True,True
131403,445492,B,1.0,0.833,True,True
1067135,455351,B,0.25,1.0,True,True
1296120,455390,B,1.0,0.604,True,True
1449039,455412,B,0.276,1.0,True,True
802121,455416,B,0.324,1.0,True,True
1303704,455471,B,1.0,0.64,True,True
1422525,455489,B,1.0,0.786,True,True
1303188,455493,B,1.0,0.653,True,False
1293345,455536,B,1.0,0.667,True,True
1422519,455555,B,0.4,1.0,True,True
1174042,455565,B,0.333,1.0,True,False
1288621,455573,B,1.0,0.652,True,True
1291125,455589,B,1.0,0.615,True,True
1524509,455637,B,1.0,0.8,True,True
1290303,455651,B,1.0,0.609,True,True
1449210,455670,B,1.0,0.812,True,True
1297029,455675,B,1.0,0.667,True,True
1274292,455703,B,0.909,0.632,True,True
1303674,455718,B,1.0,0.721,True,True
1289328,455725,B,1.0,0.733,True,True
1322857,455726,B,1.0,0.824,True,True
1289317,455737,B,1.0,0.632,True,True
1524367,455754,B,1.0,0.8,True,True
1305412,455819,B,1.0,0.6,True,True
1303845,455823,B,1.0,0.679,True,True
1422535,455831,B,1.0,0.857,False,True
1300773,455835,B,1.0,0.689,True,False
1291328,455840,B,1.0,0.682,True,True
1292400,455861,B,1.0,0.615,True,True
1275751,455889,B,0.222,0.857,True,True
1302068,455935,B,1.0,0.721,True,True
1293275,455959,B,1.0,0.604,True,True
1292381,455968,B,1.0,0.619,True,True
1422510,455989,B,1.0,0.8,True,True
1279698,455994,B,1.0,0.68,True,True
1432815,45E947,B,1.0,0.757,True,True
1399901,465174,B,1.0,0.947,False,True
1147447,465179,B,0.217,1.0,True,True
588342,475030,B,0.263,1.0,True,True
1474350,475049,B,1.0,0.714,True,True
1423881,495046,B,0.286,1.0,True,True
562497,495092,B,1.0,0.872,False,True
799880,495121,B,0.203,1.0,True,True
1109639,495123,B,0.286,1.0,True,True
1506245,495199,B,0.222,1.0,True,True
1477443,495200,B,1.0,0.667,True,True
1474879,495201,B,0.214,1.0,True,True
555048,495226,B,1.0,0.722,True,True
1006491,495249,B,1.0,0.839,True,True
801315,495282,B,1.0,0.667,True,True
952694,495306,B,1.0,0.652,True,True
980995,495328,B,0.059,1.0,True,True
1421444,495333,B,1.0,0.741,True,True
807518,495363,B,0.412,1.0,True,True
690859,495369,B,0.462,1.0,True,True
1383243,495381,B,0.267,1.0,True,True
817277,505017,B,0.273,1.0,True,True
1271516,505080,B,1.0,0.625,True,True
1410153,505092,B,0.516,1.0,True,True
1410148,505260,B,0.242,1.0,True,True
1410149,505275,B,1.0,0.759,True,True
891123,505306,B,0.326,1.0,True,True
1462509,505313,B,1.0,0.688,True,True
874886,505411,B,1.0,0.688,True,True
569265,505431,B,1.0,0.828,True,True
552567,505465,B,1.0,0.688,True,True
1292321,505514,B,1.0,0.743,True,True
1229399,505534,B,0.0,1.0,True,True
1517977,515028,B,1.0,0.791,True,True
1467288,515055,B,1.0,0.839,True,True
1463986,515061,B,1.0,0.667,True,True
1246065,515064,B,1.0,0.71,True,True
1274759,515116,B,0.182,1.0,True,True
1498883,515146,B,1.0,0.769,False,True
1246043,515173,B,1.0,0.737,True,True
1310744,525219,B,1.0,0.714,True,True
1529903,525242,B,1.0,0.667,True,True
1464539,525276,B,1.0,0.691,True,True
1494838,525279,B,1.0,0.976,False,True
1270800,525281,B,0.545,0.882,True,True
1469042,525317,B,1.0,0.667,True,True
1455682,525319,B,0.333,1.0,True,True
1321532,525331,B,1.0,0.815,True,True
859956,525335,B,1.0,0.773,True,True
1524285,525348,B,1.0,0.811,True,True
1465482,525380,B,1.0,0.923,False,True
1449277,525415,B,1.0,0.979,False,True
1558894,525466,B,1.0,0.941,False,True
1119915,525513,B,0.16,1.0,True,True
1467497,525531,B,1.0,0.652,True,True
1156652,525543,B,1.0,0.828,True,True
1123241,525552,B,0.571,1.0,True,True
1459735,525559,B,1.0,0.882,False,True
686709,525573,B,0.963,0.846,True,True
1490562,525578,B,1.0,0.977,False,True
820861,525626,B,1.0,0.68,True,True
1288033,525659,B,1.0,0.615,True,True
920823,525662,B,0.222,1.0,True,True
1117307,525670,B,1.0,0.818,True,True
1096213,525686,B,1.0,0.979,False,True
1522800,535022,B,1.0,0.833,True,True
1509535,555120,B,0.24,1.0,True,True
378041,555144,B,0.316,1.0,True,True
1502661,555147,B,0.231,1.0,True,True
1524446,555163,B,0.5,1.0,True,True
1455070,555179,B,1.0,0.759,True,True
1524142,555218,B,1.0,0.677,True,False
1506980,555265,B,0.143,1.0,True,True
969549,555435,B,0.312,1.0,True,True
941128,555450,B,0.5,1.0,True,True
1449564,555566,B,0.571,1.0,True,True
1018949,555585,B,1.0,0.757,True,True
958106,555716,B,1.0,0.769,True,True
1524258,555742,B,1.0,0.75,False,True
1452131,555751,B,0.235,1.0,True,True
1275789,555771,B,0.242,1.0,True,True
1515229,555801,B,1.0,0.966,False,True
1495264,555836,B,1.0,0.759,True,True
1051870,555862,B,0.4,1.0,True,True
1296441,675016,B,1.0,0.634,True,True
1189299,675017,B,0.538,0.85,True,True
1295323,675018,B,1.0,0.625,True,True
1422516,675049,B,0.222,1.0,True,True
1288608,675105,B,0.957,0.627,True,True
1301945,675106,B,1.0,0.612,True,True
1302056,675113,B,1.0,0.717,True,True
1296446,675145,B,1.0,0.68,True,True
1171481,675170,B,1.0,0.615,True,True
1275456,675177,B,1.0,0.654,True,True
1305502,675185,B,1.0,0.667,True,True
1289576,675196,B,1.0,0.667,True,True
1290348,675210,B,1.0,0.653,True,True
990512,675214,B,0.2,1.0,True,False
1302370,675220,B,1.0,0.63,True,True
1288625,675267,B,0.968,0.667,True,True
1300246,675271,B,1.0,0.68,True,True
1296039,675292,B,1.0,0.667,True,True
1099995,675307,B,0.0,1.0,True,True
1293334,675317,B,1.0,0.692,True,True
1290323,675319,B,0.923,0.638,True,True
1293703,675372,B,1.0,0.619,True,True
1293218,675386,B,1.0,0.609,True,True
1295286,675399,B,1.0,0.654,True,True
1422534,675408,B,1.0,0.64,True,True
69108,675409,B,1.0,0.821,True,True
1290512,675417,B,1.0,0.795,True,True
1290537,675439,B,1.0,0.634,True,True
1322840,675441,B,1.0,0.778,True,True
1290203,675489,B,1.0,0.692,True,True
1293375,675513,B,1.0,0.762,True,True
798309,675541,B,0.105,1.0,True,True
1385341,675543,B,1.0,0.8,True,True
1177626,675603,B,1.0,0.8,True,True
66739,675606,B,1.0,0.72,True,True
1302420,675617,B,1.0,0.63,True,True
1293580,675620,B,1.0,0.609,True,True
1292429,675638,B,1.0,0.7,True,True
1524434,675651,B,1.0,0.667,True,True
1477109,675668,B,1.0,0.778,True,True
1508787,675716,B,0.0,1.0,True,True
1524473,675766,B,1.0,0.824,True,True
1275314,675779,B,1.0,0.609,True,True
1296139,675800,B,1.0,0.605,True,True
1289583,675801,B,1.0,0.6,True,True
1290179,675802,B,1.0,0.65,True,True
1453871,675811,B,1.0,0.625,True,True
1290254,675822,B,1.0,0.667,True,True
1289534,675838,B,1.0,0.6,True,True
1295309,675851,B,1.0,0.625,True,True
1290586,675856,B,1.0,0.6,True,True
1304039,675867,B,1.0,0.619,True,True
1291607,675913,B,1.0,0.667,True,True
1292475,675922,B,1.0,0.636,True,True
1297019,675928,B,1.0,0.619,True,True
1290223,675929,B,1.0,0.653,True,True
1290592,675938,B,1.0,0.6,True,True
1296421,675939,B,1.0,0.714,True,True
1289274,675944,B,1.0,0.708,True,True
1275484,675945,B,1.0,0.63,True,True
80660,675947,B,1.0,0.647,True,True
1305555,675959,B,1.0,0.642,True,True
1290108,675960,B,1.0,0.667,True,True
1289262,675963,B,1.0,0.738,True,False
883602,675969,B,1.0,0.792,True,True
1293240,675970,B,1.0,0.622,True,True
1291146,675982,B,1.0,0.64,True,True
1532486,675991,B,1.0,0.929,False,True
1302385,675995,B,1.0,0.609,True,True
1295292,676004,B,1.0,0.667,True,True
1300609,676019,B,1.0,0.651,True,True
1304429,676028,B,1.0,0.622,True,True
1295329,676030,B,1.0,0.638,True,True
1289406,676045,B,1.0,0.706,True,False
1524332,676048,B,0.917,0.615,True,True
1296453,676068,B,1.0,0.63,True,True
1304333,676089,B,1.0,0.667,True,True
1300282,676098,B,1.0,0.643,True,True
1257954,676104,B,1.0,0.732,True,True
1299989,676108,B,1.0,0.615,True,True
1245283,676114,B,0.125,1.0,True,True
1290080,676117,B,1.0,0.679,True,True
1291137,676121,B,1.0,0.679,True,True
554681,676144,B,0.19,1.0,True,True
1441276,676154,B,1.0,0.645,True,True
1100366,676168,B,0.245,1.0,True,True
880772,676184,B,0.258,1.0,True,True
1292298,676187,B,1.0,0.71,True,True
881099,676192,B,0.2,1.0,True,True
1280057,676239,B,1.0,0.763,True,True
1278156,676241,B,1.0,0.618,True,True
1534613,676263,B,1.0,0.833,True,True
1506442,676264,B,1.0,0.769,True,True
1462807,676274,B,0.526,1.0,True,True
1290624,676289,B,1.0,0.7,True,True
1475762,676295,B,0.222,1.0,True,True
1301926,676297,B,1.0,0.696,True,True
675395,676299,B,1.0,0.643,True,True
1291345,676341,B,1.0,0.652,True,False
1301836,676342,B,1.0,0.667,True,True
1290267,676347,B,1.0,0.69,True,True
881287,676358,B,0.294,1.0,True,True
1450863,676363,B,1.0,0.645,True,True
1290387,676372,B,1.0,0.64,True,True
1302118,676375,B,1.0,0.712,True,True
1305297,676385,B,1.0,0.704,True,True
1128694,676388,B,0.278,1.0,True,True
548326,676390,B,0.298,0.98,True,True
1524326,676392,B,0.909,0.615,True,True
1296998,676399,B,1.0,0.625,True,True
1444218,676416,B,0.343,1.0,True,True
1292487,676419,B,1.0,0.643,True,True
1450857,676420,B,0.25,1.0,True,True
1291198,676427,B,1.0,0.681,True,True
1503142,676435,B,0.4,0.963,True,True
1478331,676443,B,1.0,0.839,True,True
482651,676453,B,0.345,1.0,True,False
1301895,676455,B,1.0,0.654,True,True
1312230,676469,B,1.0,0.63,True,True
802122,676477,B,0.318,1.0,True,True
1422527,676486,B,0.143,1.0,True,True
1288554,676494,B,1.0,0.73,True,True
887071,676497,B,1.0,0.621,True,True
1290609,745006,B,1.0,0.68,True,True
1456701,015009,C,1.0,0.593,True,True
1213699,015034,C,1.0,0.323,False,True
915433,015044,C,1.0,0.583,True,True
1497736,015113,C,1.0,0.579,True,True
1339076,015166,C,1.0,0.571,False,True
147861,015167,C,1.0,0.387,False,True
1213714,015187,C,1.0,0.286,False,True
1128415,015375,C,1.0,0.429,False,True
1082268,015386,C,1.0,0.571,True,True
838916,015400,C,1.0,0.56,True,True
1248779,015455,C,1.0,0.286,False,True
1438780,045199,C,1.0,0.488,True,True
1435862,045232,C,1.0,0.5,True,True
556133,045297,C,1.0,0.364,False,True
1455140,055003,C,1.0,0.562,True,True
1536086,055761,C,1.0,0.333,False,True
1022556,056250,C,1.0,0.577,True,True
1539070,056381,C,1.0,0.333,False,True
1476402,065305,C,1.0,0.444,False,True
1428747,105117,C,1.0,0.562,True,True
897871,105537,C,1.0,0.364,False,True
1005936,105731,C,1.0,0.296,False,True
1464205,105820,C,1.0,0.324,False,True
1096792,106127,C,1.0,0.292,False,True
1443192,115090,C,1.0,0.407,False,True
294675,115611,C,1.0,0.467,False,True
903301,115684,C,1.0,0.4,False,True
1456652,135056,C,1.0,0.593,True,True
1524472,135105,C,1.0,0.5,True,True
1447519,145387,C,1.0,0.512,True,True
909228,145483,C,1.0,0.462,False,True
802331,145660,C,1.0,0.596,True,True
910157,145669,C,1.0,0.333,True,True
1517637,145776,C,0.96,0.565,True,True
1439000,145785,C,1.0,0.593,True,True
415566,145794,C,1.0,0.593,True,True
838243,146046,C,1.0,0.593,True,True
1245131,146063,C,1.0,0.593,True,True
1498936,14E095,C,1.0,0.37,False,True
1080990,155118,C,1.0,0.263,False,True
1012657,155714,C,1.0,0.579,True,True
213440,155813,C,1.0,0.486,False,True
482781,165019,C,1.0,0.462,True,True
1450763,165263,C,1.0,0.526,False,True
1450757,165329,C,1.0,0.485,True,True
1450786,165383,C,1.0,0.296,False,True
1524224,165428,C,1.0,0.593,True,True
1450780,165452,C,1.0,0.571,True,True
1338869,165566,C,1.0,0.556,False,True
557913,175361,C,1.0,0.348,False,True
1170256,175414,C,1.0,0.387,True,True
1503901,17E580,C,1.0,0.211,False,True
1460238,185049,C,1.0,0.258,False,True
291052,185193,C,1.0,0.214,False,True
807896,185236,C,1.0,0.348,True,True
1081000,185276,C,1.0,0.222,False,True
1452989,185313,C,1.0,0.375,True,True
1452622,185329,C,1.0,0.316,True,True
1213544,185364,C,1.0,0.348,True,True
346530,195348,C,1.0,0.16,False,True
1493110,195405,C,1.0,0.381,True,True
1494008,195489,C,1.0,0.526,True,True
1467078,195542,C,1.0,0.353,False,True
936367,225271,C,1.0,0.526,False,True
324173,225329,C,1.0,0.333,False,True
1426649,225331,C,1.0,0.48,False,True
1152656,225355,C,1.0,0.242,False,True
1196828,225378,C,1.0,0.298,False,True
1447401,225615,C,1.0,0.452,False,True
230025,235008,C,1.0,0.345,False,True
131274,235282,C,1.0,0.562,True,True
1539436,235609,C,1.0,0.556,True,True
1476784,245083,C,1.0,0.561,True,True
1476237,245105,C,1.0,0.577,True,True
1476390,245164,C,1.0,0.5,True,True
1476779,245182,C,1.0,0.571,True,True
1338861,245312,C,1.0,0.5,False,True
1476774,245326,C,1.0,0.588,True,True
1476781,245340,C,1.0,0.522,True,True
1070130,245382,C,1.0,0.56,True,True
321990,245428,C,1.0,0.323,False,True
1338864,245432,C,1.0,0.591,False,True
1489419,245459,C,1.0,0.303,False,True
1508762,245473,C,1.0,0.545,True,True
1121674,245475,C,1.0,0.5,True,True
1450194,245495,C,1.0,0.519,True,False
810305,245551,C,1.0,0.533,True,True
1441604,245595,C,1.0,0.516,True,True
1338855,245615,C,1.0,0.25,False,True
952814,245619,C,1.0,0.333,False,True
1489118,245629,C,1.0,0.261,True,True
1535546,255114,C,1.0,0.476,True,True
139705,255161,C,1.0,0.593,True,True
1435500,255169,C,1.0,0.273,False,True
1336909,255213,C,1.0,0.595,True,True
916097,255329,C,1.0,0.424,False,True
1466683,265118,C,1.0,0.549,True,True
735439,265409,C,1.0,0.182,False,True
1438995,26A378,C,1.0,0.25,False,True
1558713,275156,C,1.0,0.303,False,True
1447672,285249,C,0.97,0.5,True,True
1457514,285280,C,1.0,0.467,False,True
1447332,285288,C,1.0,0.357,False,True
1253206,305097,C,1.0,0.541,True,True
1234789,315015,C,1.0,0.32,True,True
1370528,315284,C,1.0,0.533,True,True
1460157,315332,C,1.0,0.545,True,True
1464034,325079,C,1.0,0.256,False,True
1406691,335063,C,1.0,0.44,True,True
1332552,335082,C,1.0,0.296,False,True
1376913,335226,C,1.0,0.444,False,True
1320726,335236,C,1.0,0.483,True,True
989526,335253,C,1.0,0.462,True,True
477245,335482,C,1.0,0.516,False,True
1511647,335514,C,1.0,0.455,True,True
194038,335520,C,1.0,0.522,False,True
1371974,335540,C,1.0,0.308,True,True
1520153,335548,C,1.0,0.545,True,True
1433602,335617,C,1.0,0.578,True,True
1238751,335711,C,1.0,0.481,True,True
1150438,335716,C,1.0,0.214,False,True
1558980,345247,C,1.0,0.5,True,True
556050,345313,C,1.0,0.235,False,True
154065,345336,C,1.0,0.5,True,True
550826,345547,C,1.0,0.522,False,True
1452692,345581,C,1.0,0.364,False,True
1434327,365427,C,1.0,0.593,True,True
1515428,365478,C,1.0,0.462,False,True
1400415,365562,C,1.0,0.194,False,True
1335176,365589,C,1.0,0.56,True,True
1430002,365838,C,1.0,0.323,False,True
1445272,366047,C,1.0,0.211,False,True
1456651,366216,C,1.0,0.375,False,True
1538735,366301,C,1.0,0.48,False,True
1471835,366348,C,1.0,0.444,False,True
1255455,366469,C,1.0,0.452,True,True
1273610,366497,C,1.0,0.385,True,True
1414233,375188,C,1.0,0.449,True,True
1036524,375479,C,1.0,0.222,False,True
1410170,385190,C,1.0,0.562,False,True
1442926,395231,C,1.0,0.278,False,True
1466574,395515,C,1.0,0.205,False,True
1433678,395592,C,1.0,0.412,True,True
736436,395597,C,1.0,0.5,True,True
1006268,395722,C,1.0,0.552,True,True
1471263,395918,C,0.97,0.56,True,True
1326956,395959,C,1.0,0.5,True,True
1527303,425301,C,1.0,0.286,False,True
1539132,435035,C,1.0,0.419,True,True
109514,435061,C,1.0,0.214,False,True
44122,435093,C,1.0,0.522,True,True
889614,435134,C,1.0,0.316,False,True
1554301,445109,C,1.0,0.591,True,True
1459423,445162,C,1.0,0.456,True,False
158671,445306,C,1.0,0.595,True,True
1502870,445442,C,1.0,0.44,True,True
1261646,445457,C,1.0,0.5,False,True
1430148,445508,C,1.0,0.565,False,True
1295241,455444,C,1.0,0.536,True,True
1288461,455532,C,1.0,0.566,True,True
1296982,455569,C,1.0,0.449,True,True
1291156,455570,C,1.0,0.566,True,True
1289348,455601,C,1.0,0.526,True,True
190365,455683,C,1.0,0.571,False,True
1301920,455733,C,1.0,0.511,True,True
1299883,455895,C,1.0,0.213,False,True
1079733,455906,C,1.0,0.478,True,True
1305265,455915,C,1.0,0.591,True,True
1300337,455916,C,1.0,0.596,True,True
1303511,455929,C,1.0,0.426,False,True
1275437,455942,C,1.0,0.522,True,True
1112007,495370,C,1.0,0.593,True,True
1457996,495399,C,1.0,0.585,True,True
606181,505059,C,1.0,0.41,False,True
1170620,505280,C,1.0,0.593,True,True
1410147,505283,C,1.0,0.5,True,True
1364371,505383,C,1.0,0.552,True,True
587693,505509,C,1.0,0.5,True,True
939988,515065,C,1.0,0.565,False,True
1338891,525019,C,1.0,0.387,False,True
1509553,525673,C,1.0,0.545,True,True
1473854,525681,C,1.0,0.596,True,True
1533135,555207,C,1.0,0.533,False,True
1502946,555333,C,1.0,0.583,True,True
1452751,555490,C,1.0,0.596,True,True
944537,555503,C,1.0,0.333,False,True
991096,555630,C,1.0,0.533,True,True
1515025,555701,C,1.0,0.324,False,True
1300146,675008,C,1.0,0.56,True,True
1276375,675066,C,1.0,0.571,True,True
1296434,675152,C,1.0,0.565,True,True
1316506,675183,C,1.0,0.588,True,True
1288513,675306,C,1.0,0.462,True,True
1290565,675326,C,1.0,0.4,False,True
1289525,675390,C,1.0,0.476,True,True
1297005,675402,C,1.0,0.537,True,True
1288592,675460,C,1.0,0.5,True,True
1303617,675479,C,1.0,0.591,True,True
1293252,675496,C,1.0,0.513,True,True
1302429,675527,C,1.0,0.537,True,True
1274120,675537,C,1.0,0.542,True,True
1303768,675568,C,1.0,0.564,True,True
1292324,675614,C,1.0,0.537,True,True
1290599,675810,C,1.0,0.578,True,True
1305658,675821,C,1.0,0.593,True,True
1312177,675823,C,1.0,0.512,True,True
306302,675826,C,1.0,0.37,False,True
1290338,675896,C,1.0,0.533,True,True
1303518,675897,C,1.0,0.591,True,True
1291249,675899,C,1.0,0.526,True,True
1300201,675915,C,1.0,0.5,True,True
67108,675942,C,1.0,0.364,False,True
1275404,675973,C,1.0,0.439,True,True
1183181,676002,C,1.0,0.414,False,True
1303494,676014,C,1.0,0.596,True,True
1099920,676071,C,1.0,0.293,False,True
1303531,676123,C,1.0,0.558,True,True
1289549,676136,C,1.0,0.588,True,True
1273810,676173,C,1.0,0.528,True,False
1303504,676235,C,1.0,0.545,True,True
1296133,676242,C,1.0,0.558,True,True
1292608,676380,C,1.0,0.583,True,True
1422512,676496,C,1.0,0.242,False,True
